# header s,s,s,s,s,s,s,s,s,s,s,s,s,s,s,l,l,l,l,d,s,s,s,s,s
Image Name,Date,Refractive Index,Cell Line Name,Probe Ch0,Sir Tag,Thresholded Tag,Image Number,Ch Number,Characteristics [Organism],Term Source 1 REF,Term Source 1 URL,Tissue,Genotype,Chr Ch0,Start Ch0,End Ch0,Size bp Ch0,Number Oligos Ch0,Density Ch0,Primer Code Ch0,Primer Name Forward Ch0,Primer Sequence Forward Ch0,Primer Name Reverse Ch0,Primer Sequence Reverse Ch0
20191028_RI510_Embryo-Y-GFP-male_Drosophila-TAD_SIR_THR_10_C1.tif,20191028,RI510,Embryo-Y-GFP-male,Drosophila-TAD,SIR,THR,10,C1,Drosophila melanogaster ,7227,http://purl.obolibrary.org/obo/NCBITaxon_7227,Embryo-Y-GFP-male,"y[1], w[67c23];Dp(1;Y), y[+] P{ry+11} P{w[+mC]=ActGFP}JMR1",chrX,4851500,4961200,109700,1174,10.7,C,BB287-FWD,/5Phos/CGCTCGGTCTCCGTTCGTCTC,SecX-BB288-REV,/SecX/GGGCTAGGTACAGGGTTCAGC
20191028_RI510_Embryo-Y-GFP-male_Drosophila-TAD_SIR_THR_11_C1.tif,20191028,RI510,Embryo-Y-GFP-male,Drosophila-TAD,SIR,THR,11,C1,Drosophila melanogaster ,7227,http://purl.obolibrary.org/obo/NCBITaxon_7227,Embryo-Y-GFP-male,"y[1], w[67c23];Dp(1;Y), y[+] P{ry+11} P{w[+mC]=ActGFP}JMR1",chrX,4851500,4961200,109700,1174,10.7,C,BB287-FWD,/5Phos/CGCTCGGTCTCCGTTCGTCTC,SecX-BB288-REV,/SecX/GGGCTAGGTACAGGGTTCAGC
20191028_RI510_Embryo-Y-GFP-male_Drosophila-TAD_SIR_THR_12_C1.tif,20191028,RI510,Embryo-Y-GFP-male,Drosophila-TAD,SIR,THR,12,C1,Drosophila melanogaster ,7227,http://purl.obolibrary.org/obo/NCBITaxon_7227,Embryo-Y-GFP-male,"y[1], w[67c23];Dp(1;Y), y[+] P{ry+11} P{w[+mC]=ActGFP}JMR1",chrX,4851500,4961200,109700,1174,10.7,C,BB287-FWD,/5Phos/CGCTCGGTCTCCGTTCGTCTC,SecX-BB288-REV,/SecX/GGGCTAGGTACAGGGTTCAGC
20191028_RI510_Embryo-Y-GFP-male_Drosophila-TAD_SIR_THR_13_C1.tif,20191028,RI510,Embryo-Y-GFP-male,Drosophila-TAD,SIR,THR,13,C1,Drosophila melanogaster ,7227,http://purl.obolibrary.org/obo/NCBITaxon_7227,Embryo-Y-GFP-male,"y[1], w[67c23];Dp(1;Y), y[+] P{ry+11} P{w[+mC]=ActGFP}JMR1",chrX,4851500,4961200,109700,1174,10.7,C,BB287-FWD,/5Phos/CGCTCGGTCTCCGTTCGTCTC,SecX-BB288-REV,/SecX/GGGCTAGGTACAGGGTTCAGC
20191028_RI510_Embryo-Y-GFP-male_Drosophila-TAD_SIR_THR_14_C1.tif,20191028,RI510,Embryo-Y-GFP-male,Drosophila-TAD,SIR,THR,14,C1,Drosophila melanogaster ,7227,http://purl.obolibrary.org/obo/NCBITaxon_7227,Embryo-Y-GFP-male,"y[1], w[67c23];Dp(1;Y), y[+] P{ry+11} P{w[+mC]=ActGFP}JMR1",chrX,4851500,4961200,109700,1174,10.7,C,BB287-FWD,/5Phos/CGCTCGGTCTCCGTTCGTCTC,SecX-BB288-REV,/SecX/GGGCTAGGTACAGGGTTCAGC
20191028_RI510_Embryo-Y-GFP-male_Drosophila-TAD_SIR_THR_15_C1.tif,20191028,RI510,Embryo-Y-GFP-male,Drosophila-TAD,SIR,THR,15,C1,Drosophila melanogaster ,7227,http://purl.obolibrary.org/obo/NCBITaxon_7227,Embryo-Y-GFP-male,"y[1], w[67c23];Dp(1;Y), y[+] P{ry+11} P{w[+mC]=ActGFP}JMR1",chrX,4851500,4961200,109700,1174,10.7,C,BB287-FWD,/5Phos/CGCTCGGTCTCCGTTCGTCTC,SecX-BB288-REV,/SecX/GGGCTAGGTACAGGGTTCAGC
20191028_RI510_Embryo-Y-GFP-male_Drosophila-TAD_SIR_THR_16_C1.tif,20191028,RI510,Embryo-Y-GFP-male,Drosophila-TAD,SIR,THR,16,C1,Drosophila melanogaster ,7227,http://purl.obolibrary.org/obo/NCBITaxon_7227,Embryo-Y-GFP-male,"y[1], w[67c23];Dp(1;Y), y[+] P{ry+11} P{w[+mC]=ActGFP}JMR1",chrX,4851500,4961200,109700,1174,10.7,C,BB287-FWD,/5Phos/CGCTCGGTCTCCGTTCGTCTC,SecX-BB288-REV,/SecX/GGGCTAGGTACAGGGTTCAGC
20191028_RI510_Embryo-Y-GFP-male_Drosophila-TAD_SIR_THR_17_C1.tif,20191028,RI510,Embryo-Y-GFP-male,Drosophila-TAD,SIR,THR,17,C1,Drosophila melanogaster ,7227,http://purl.obolibrary.org/obo/NCBITaxon_7227,Embryo-Y-GFP-male,"y[1], w[67c23];Dp(1;Y), y[+] P{ry+11} P{w[+mC]=ActGFP}JMR1",chrX,4851500,4961200,109700,1174,10.7,C,BB287-FWD,/5Phos/CGCTCGGTCTCCGTTCGTCTC,SecX-BB288-REV,/SecX/GGGCTAGGTACAGGGTTCAGC
20191028_RI510_Embryo-Y-GFP-male_Drosophila-TAD_SIR_THR_18_C1.tif,20191028,RI510,Embryo-Y-GFP-male,Drosophila-TAD,SIR,THR,18,C1,Drosophila melanogaster ,7227,http://purl.obolibrary.org/obo/NCBITaxon_7227,Embryo-Y-GFP-male,"y[1], w[67c23];Dp(1;Y), y[+] P{ry+11} P{w[+mC]=ActGFP}JMR1",chrX,4851500,4961200,109700,1174,10.7,C,BB287-FWD,/5Phos/CGCTCGGTCTCCGTTCGTCTC,SecX-BB288-REV,/SecX/GGGCTAGGTACAGGGTTCAGC
20191028_RI510_Embryo-Y-GFP-male_Drosophila-TAD_SIR_THR_19_C1.tif,20191028,RI510,Embryo-Y-GFP-male,Drosophila-TAD,SIR,THR,19,C1,Drosophila melanogaster ,7227,http://purl.obolibrary.org/obo/NCBITaxon_7227,Embryo-Y-GFP-male,"y[1], w[67c23];Dp(1;Y), y[+] P{ry+11} P{w[+mC]=ActGFP}JMR1",chrX,4851500,4961200,109700,1174,10.7,C,BB287-FWD,/5Phos/CGCTCGGTCTCCGTTCGTCTC,SecX-BB288-REV,/SecX/GGGCTAGGTACAGGGTTCAGC
20191028_RI510_Embryo-Y-GFP-male_Drosophila-TAD_SIR_THR_1_C1.tif,20191028,RI510,Embryo-Y-GFP-male,Drosophila-TAD,SIR,THR,1,C1,Drosophila melanogaster ,7227,http://purl.obolibrary.org/obo/NCBITaxon_7227,Embryo-Y-GFP-male,"y[1], w[67c23];Dp(1;Y), y[+] P{ry+11} P{w[+mC]=ActGFP}JMR1",chrX,4851500,4961200,109700,1174,10.7,C,BB287-FWD,/5Phos/CGCTCGGTCTCCGTTCGTCTC,SecX-BB288-REV,/SecX/GGGCTAGGTACAGGGTTCAGC
20191028_RI510_Embryo-Y-GFP-male_Drosophila-TAD_SIR_THR_20_C1.tif,20191028,RI510,Embryo-Y-GFP-male,Drosophila-TAD,SIR,THR,20,C1,Drosophila melanogaster ,7227,http://purl.obolibrary.org/obo/NCBITaxon_7227,Embryo-Y-GFP-male,"y[1], w[67c23];Dp(1;Y), y[+] P{ry+11} P{w[+mC]=ActGFP}JMR1",chrX,4851500,4961200,109700,1174,10.7,C,BB287-FWD,/5Phos/CGCTCGGTCTCCGTTCGTCTC,SecX-BB288-REV,/SecX/GGGCTAGGTACAGGGTTCAGC
20191028_RI510_Embryo-Y-GFP-male_Drosophila-TAD_SIR_THR_21_C1.tif,20191028,RI510,Embryo-Y-GFP-male,Drosophila-TAD,SIR,THR,21,C1,Drosophila melanogaster ,7227,http://purl.obolibrary.org/obo/NCBITaxon_7227,Embryo-Y-GFP-male,"y[1], w[67c23];Dp(1;Y), y[+] P{ry+11} P{w[+mC]=ActGFP}JMR1",chrX,4851500,4961200,109700,1174,10.7,C,BB287-FWD,/5Phos/CGCTCGGTCTCCGTTCGTCTC,SecX-BB288-REV,/SecX/GGGCTAGGTACAGGGTTCAGC
20191028_RI510_Embryo-Y-GFP-male_Drosophila-TAD_SIR_THR_22_C1.tif,20191028,RI510,Embryo-Y-GFP-male,Drosophila-TAD,SIR,THR,22,C1,Drosophila melanogaster ,7227,http://purl.obolibrary.org/obo/NCBITaxon_7227,Embryo-Y-GFP-male,"y[1], w[67c23];Dp(1;Y), y[+] P{ry+11} P{w[+mC]=ActGFP}JMR1",chrX,4851500,4961200,109700,1174,10.7,C,BB287-FWD,/5Phos/CGCTCGGTCTCCGTTCGTCTC,SecX-BB288-REV,/SecX/GGGCTAGGTACAGGGTTCAGC
20191028_RI510_Embryo-Y-GFP-male_Drosophila-TAD_SIR_THR_23_C1.tif,20191028,RI510,Embryo-Y-GFP-male,Drosophila-TAD,SIR,THR,23,C1,Drosophila melanogaster ,7227,http://purl.obolibrary.org/obo/NCBITaxon_7227,Embryo-Y-GFP-male,"y[1], w[67c23];Dp(1;Y), y[+] P{ry+11} P{w[+mC]=ActGFP}JMR1",chrX,4851500,4961200,109700,1174,10.7,C,BB287-FWD,/5Phos/CGCTCGGTCTCCGTTCGTCTC,SecX-BB288-REV,/SecX/GGGCTAGGTACAGGGTTCAGC
20191028_RI510_Embryo-Y-GFP-male_Drosophila-TAD_SIR_THR_24_C1.tif,20191028,RI510,Embryo-Y-GFP-male,Drosophila-TAD,SIR,THR,24,C1,Drosophila melanogaster ,7227,http://purl.obolibrary.org/obo/NCBITaxon_7227,Embryo-Y-GFP-male,"y[1], w[67c23];Dp(1;Y), y[+] P{ry+11} P{w[+mC]=ActGFP}JMR1",chrX,4851500,4961200,109700,1174,10.7,C,BB287-FWD,/5Phos/CGCTCGGTCTCCGTTCGTCTC,SecX-BB288-REV,/SecX/GGGCTAGGTACAGGGTTCAGC
20191028_RI510_Embryo-Y-GFP-male_Drosophila-TAD_SIR_THR_25_C1.tif,20191028,RI510,Embryo-Y-GFP-male,Drosophila-TAD,SIR,THR,25,C1,Drosophila melanogaster ,7227,http://purl.obolibrary.org/obo/NCBITaxon_7227,Embryo-Y-GFP-male,"y[1], w[67c23];Dp(1;Y), y[+] P{ry+11} P{w[+mC]=ActGFP}JMR1",chrX,4851500,4961200,109700,1174,10.7,C,BB287-FWD,/5Phos/CGCTCGGTCTCCGTTCGTCTC,SecX-BB288-REV,/SecX/GGGCTAGGTACAGGGTTCAGC
20191028_RI510_Embryo-Y-GFP-male_Drosophila-TAD_SIR_THR_26_C1.tif,20191028,RI510,Embryo-Y-GFP-male,Drosophila-TAD,SIR,THR,26,C1,Drosophila melanogaster ,7227,http://purl.obolibrary.org/obo/NCBITaxon_7227,Embryo-Y-GFP-male,"y[1], w[67c23];Dp(1;Y), y[+] P{ry+11} P{w[+mC]=ActGFP}JMR1",chrX,4851500,4961200,109700,1174,10.7,C,BB287-FWD,/5Phos/CGCTCGGTCTCCGTTCGTCTC,SecX-BB288-REV,/SecX/GGGCTAGGTACAGGGTTCAGC
20191028_RI510_Embryo-Y-GFP-male_Drosophila-TAD_SIR_THR_27_C1.tif,20191028,RI510,Embryo-Y-GFP-male,Drosophila-TAD,SIR,THR,27,C1,Drosophila melanogaster ,7227,http://purl.obolibrary.org/obo/NCBITaxon_7227,Embryo-Y-GFP-male,"y[1], w[67c23];Dp(1;Y), y[+] P{ry+11} P{w[+mC]=ActGFP}JMR1",chrX,4851500,4961200,109700,1174,10.7,C,BB287-FWD,/5Phos/CGCTCGGTCTCCGTTCGTCTC,SecX-BB288-REV,/SecX/GGGCTAGGTACAGGGTTCAGC
20191028_RI510_Embryo-Y-GFP-male_Drosophila-TAD_SIR_THR_28_C1.tif,20191028,RI510,Embryo-Y-GFP-male,Drosophila-TAD,SIR,THR,28,C1,Drosophila melanogaster ,7227,http://purl.obolibrary.org/obo/NCBITaxon_7227,Embryo-Y-GFP-male,"y[1], w[67c23];Dp(1;Y), y[+] P{ry+11} P{w[+mC]=ActGFP}JMR1",chrX,4851500,4961200,109700,1174,10.7,C,BB287-FWD,/5Phos/CGCTCGGTCTCCGTTCGTCTC,SecX-BB288-REV,/SecX/GGGCTAGGTACAGGGTTCAGC
20191028_RI510_Embryo-Y-GFP-male_Drosophila-TAD_SIR_THR_29_C1.tif,20191028,RI510,Embryo-Y-GFP-male,Drosophila-TAD,SIR,THR,29,C1,Drosophila melanogaster ,7227,http://purl.obolibrary.org/obo/NCBITaxon_7227,Embryo-Y-GFP-male,"y[1], w[67c23];Dp(1;Y), y[+] P{ry+11} P{w[+mC]=ActGFP}JMR1",chrX,4851500,4961200,109700,1174,10.7,C,BB287-FWD,/5Phos/CGCTCGGTCTCCGTTCGTCTC,SecX-BB288-REV,/SecX/GGGCTAGGTACAGGGTTCAGC
20191028_RI510_Embryo-Y-GFP-male_Drosophila-TAD_SIR_THR_2_C1.tif,20191028,RI510,Embryo-Y-GFP-male,Drosophila-TAD,SIR,THR,2,C1,Drosophila melanogaster ,7227,http://purl.obolibrary.org/obo/NCBITaxon_7227,Embryo-Y-GFP-male,"y[1], w[67c23];Dp(1;Y), y[+] P{ry+11} P{w[+mC]=ActGFP}JMR1",chrX,4851500,4961200,109700,1174,10.7,C,BB287-FWD,/5Phos/CGCTCGGTCTCCGTTCGTCTC,SecX-BB288-REV,/SecX/GGGCTAGGTACAGGGTTCAGC
20191028_RI510_Embryo-Y-GFP-male_Drosophila-TAD_SIR_THR_30_C1.tif,20191028,RI510,Embryo-Y-GFP-male,Drosophila-TAD,SIR,THR,30,C1,Drosophila melanogaster ,7227,http://purl.obolibrary.org/obo/NCBITaxon_7227,Embryo-Y-GFP-male,"y[1], w[67c23];Dp(1;Y), y[+] P{ry+11} P{w[+mC]=ActGFP}JMR1",chrX,4851500,4961200,109700,1174,10.7,C,BB287-FWD,/5Phos/CGCTCGGTCTCCGTTCGTCTC,SecX-BB288-REV,/SecX/GGGCTAGGTACAGGGTTCAGC
20191028_RI510_Embryo-Y-GFP-male_Drosophila-TAD_SIR_THR_31_C1.tif,20191028,RI510,Embryo-Y-GFP-male,Drosophila-TAD,SIR,THR,31,C1,Drosophila melanogaster ,7227,http://purl.obolibrary.org/obo/NCBITaxon_7227,Embryo-Y-GFP-male,"y[1], w[67c23];Dp(1;Y), y[+] P{ry+11} P{w[+mC]=ActGFP}JMR1",chrX,4851500,4961200,109700,1174,10.7,C,BB287-FWD,/5Phos/CGCTCGGTCTCCGTTCGTCTC,SecX-BB288-REV,/SecX/GGGCTAGGTACAGGGTTCAGC
20191028_RI510_Embryo-Y-GFP-male_Drosophila-TAD_SIR_THR_32_C1.tif,20191028,RI510,Embryo-Y-GFP-male,Drosophila-TAD,SIR,THR,32,C1,Drosophila melanogaster ,7227,http://purl.obolibrary.org/obo/NCBITaxon_7227,Embryo-Y-GFP-male,"y[1], w[67c23];Dp(1;Y), y[+] P{ry+11} P{w[+mC]=ActGFP}JMR1",chrX,4851500,4961200,109700,1174,10.7,C,BB287-FWD,/5Phos/CGCTCGGTCTCCGTTCGTCTC,SecX-BB288-REV,/SecX/GGGCTAGGTACAGGGTTCAGC
20191028_RI510_Embryo-Y-GFP-male_Drosophila-TAD_SIR_THR_33_C1.tif,20191028,RI510,Embryo-Y-GFP-male,Drosophila-TAD,SIR,THR,33,C1,Drosophila melanogaster ,7227,http://purl.obolibrary.org/obo/NCBITaxon_7227,Embryo-Y-GFP-male,"y[1], w[67c23];Dp(1;Y), y[+] P{ry+11} P{w[+mC]=ActGFP}JMR1",chrX,4851500,4961200,109700,1174,10.7,C,BB287-FWD,/5Phos/CGCTCGGTCTCCGTTCGTCTC,SecX-BB288-REV,/SecX/GGGCTAGGTACAGGGTTCAGC
20191028_RI510_Embryo-Y-GFP-male_Drosophila-TAD_SIR_THR_34_C1.tif,20191028,RI510,Embryo-Y-GFP-male,Drosophila-TAD,SIR,THR,34,C1,Drosophila melanogaster ,7227,http://purl.obolibrary.org/obo/NCBITaxon_7227,Embryo-Y-GFP-male,"y[1], w[67c23];Dp(1;Y), y[+] P{ry+11} P{w[+mC]=ActGFP}JMR1",chrX,4851500,4961200,109700,1174,10.7,C,BB287-FWD,/5Phos/CGCTCGGTCTCCGTTCGTCTC,SecX-BB288-REV,/SecX/GGGCTAGGTACAGGGTTCAGC
20191028_RI510_Embryo-Y-GFP-male_Drosophila-TAD_SIR_THR_35_C1.tif,20191028,RI510,Embryo-Y-GFP-male,Drosophila-TAD,SIR,THR,35,C1,Drosophila melanogaster ,7227,http://purl.obolibrary.org/obo/NCBITaxon_7227,Embryo-Y-GFP-male,"y[1], w[67c23];Dp(1;Y), y[+] P{ry+11} P{w[+mC]=ActGFP}JMR1",chrX,4851500,4961200,109700,1174,10.7,C,BB287-FWD,/5Phos/CGCTCGGTCTCCGTTCGTCTC,SecX-BB288-REV,/SecX/GGGCTAGGTACAGGGTTCAGC
20191028_RI510_Embryo-Y-GFP-male_Drosophila-TAD_SIR_THR_36_C1.tif,20191028,RI510,Embryo-Y-GFP-male,Drosophila-TAD,SIR,THR,36,C1,Drosophila melanogaster ,7227,http://purl.obolibrary.org/obo/NCBITaxon_7227,Embryo-Y-GFP-male,"y[1], w[67c23];Dp(1;Y), y[+] P{ry+11} P{w[+mC]=ActGFP}JMR1",chrX,4851500,4961200,109700,1174,10.7,C,BB287-FWD,/5Phos/CGCTCGGTCTCCGTTCGTCTC,SecX-BB288-REV,/SecX/GGGCTAGGTACAGGGTTCAGC
20191028_RI510_Embryo-Y-GFP-male_Drosophila-TAD_SIR_THR_37_C1.tif,20191028,RI510,Embryo-Y-GFP-male,Drosophila-TAD,SIR,THR,37,C1,Drosophila melanogaster ,7227,http://purl.obolibrary.org/obo/NCBITaxon_7227,Embryo-Y-GFP-male,"y[1], w[67c23];Dp(1;Y), y[+] P{ry+11} P{w[+mC]=ActGFP}JMR1",chrX,4851500,4961200,109700,1174,10.7,C,BB287-FWD,/5Phos/CGCTCGGTCTCCGTTCGTCTC,SecX-BB288-REV,/SecX/GGGCTAGGTACAGGGTTCAGC
20191028_RI510_Embryo-Y-GFP-male_Drosophila-TAD_SIR_THR_38_C1.tif,20191028,RI510,Embryo-Y-GFP-male,Drosophila-TAD,SIR,THR,38,C1,Drosophila melanogaster ,7227,http://purl.obolibrary.org/obo/NCBITaxon_7227,Embryo-Y-GFP-male,"y[1], w[67c23];Dp(1;Y), y[+] P{ry+11} P{w[+mC]=ActGFP}JMR1",chrX,4851500,4961200,109700,1174,10.7,C,BB287-FWD,/5Phos/CGCTCGGTCTCCGTTCGTCTC,SecX-BB288-REV,/SecX/GGGCTAGGTACAGGGTTCAGC
20191028_RI510_Embryo-Y-GFP-male_Drosophila-TAD_SIR_THR_39_C1.tif,20191028,RI510,Embryo-Y-GFP-male,Drosophila-TAD,SIR,THR,39,C1,Drosophila melanogaster ,7227,http://purl.obolibrary.org/obo/NCBITaxon_7227,Embryo-Y-GFP-male,"y[1], w[67c23];Dp(1;Y), y[+] P{ry+11} P{w[+mC]=ActGFP}JMR1",chrX,4851500,4961200,109700,1174,10.7,C,BB287-FWD,/5Phos/CGCTCGGTCTCCGTTCGTCTC,SecX-BB288-REV,/SecX/GGGCTAGGTACAGGGTTCAGC
20191028_RI510_Embryo-Y-GFP-male_Drosophila-TAD_SIR_THR_3_C1.tif,20191028,RI510,Embryo-Y-GFP-male,Drosophila-TAD,SIR,THR,3,C1,Drosophila melanogaster ,7227,http://purl.obolibrary.org/obo/NCBITaxon_7227,Embryo-Y-GFP-male,"y[1], w[67c23];Dp(1;Y), y[+] P{ry+11} P{w[+mC]=ActGFP}JMR1",chrX,4851500,4961200,109700,1174,10.7,C,BB287-FWD,/5Phos/CGCTCGGTCTCCGTTCGTCTC,SecX-BB288-REV,/SecX/GGGCTAGGTACAGGGTTCAGC
20191028_RI510_Embryo-Y-GFP-male_Drosophila-TAD_SIR_THR_40_C1.tif,20191028,RI510,Embryo-Y-GFP-male,Drosophila-TAD,SIR,THR,40,C1,Drosophila melanogaster ,7227,http://purl.obolibrary.org/obo/NCBITaxon_7227,Embryo-Y-GFP-male,"y[1], w[67c23];Dp(1;Y), y[+] P{ry+11} P{w[+mC]=ActGFP}JMR1",chrX,4851500,4961200,109700,1174,10.7,C,BB287-FWD,/5Phos/CGCTCGGTCTCCGTTCGTCTC,SecX-BB288-REV,/SecX/GGGCTAGGTACAGGGTTCAGC
20191028_RI510_Embryo-Y-GFP-male_Drosophila-TAD_SIR_THR_41_C1.tif,20191028,RI510,Embryo-Y-GFP-male,Drosophila-TAD,SIR,THR,41,C1,Drosophila melanogaster ,7227,http://purl.obolibrary.org/obo/NCBITaxon_7227,Embryo-Y-GFP-male,"y[1], w[67c23];Dp(1;Y), y[+] P{ry+11} P{w[+mC]=ActGFP}JMR1",chrX,4851500,4961200,109700,1174,10.7,C,BB287-FWD,/5Phos/CGCTCGGTCTCCGTTCGTCTC,SecX-BB288-REV,/SecX/GGGCTAGGTACAGGGTTCAGC
20191028_RI510_Embryo-Y-GFP-male_Drosophila-TAD_SIR_THR_42_C1.tif,20191028,RI510,Embryo-Y-GFP-male,Drosophila-TAD,SIR,THR,42,C1,Drosophila melanogaster ,7227,http://purl.obolibrary.org/obo/NCBITaxon_7227,Embryo-Y-GFP-male,"y[1], w[67c23];Dp(1;Y), y[+] P{ry+11} P{w[+mC]=ActGFP}JMR1",chrX,4851500,4961200,109700,1174,10.7,C,BB287-FWD,/5Phos/CGCTCGGTCTCCGTTCGTCTC,SecX-BB288-REV,/SecX/GGGCTAGGTACAGGGTTCAGC
20191028_RI510_Embryo-Y-GFP-male_Drosophila-TAD_SIR_THR_43_C1.tif,20191028,RI510,Embryo-Y-GFP-male,Drosophila-TAD,SIR,THR,43,C1,Drosophila melanogaster ,7227,http://purl.obolibrary.org/obo/NCBITaxon_7227,Embryo-Y-GFP-male,"y[1], w[67c23];Dp(1;Y), y[+] P{ry+11} P{w[+mC]=ActGFP}JMR1",chrX,4851500,4961200,109700,1174,10.7,C,BB287-FWD,/5Phos/CGCTCGGTCTCCGTTCGTCTC,SecX-BB288-REV,/SecX/GGGCTAGGTACAGGGTTCAGC
20191028_RI510_Embryo-Y-GFP-male_Drosophila-TAD_SIR_THR_44_C1.tif,20191028,RI510,Embryo-Y-GFP-male,Drosophila-TAD,SIR,THR,44,C1,Drosophila melanogaster ,7227,http://purl.obolibrary.org/obo/NCBITaxon_7227,Embryo-Y-GFP-male,"y[1], w[67c23];Dp(1;Y), y[+] P{ry+11} P{w[+mC]=ActGFP}JMR1",chrX,4851500,4961200,109700,1174,10.7,C,BB287-FWD,/5Phos/CGCTCGGTCTCCGTTCGTCTC,SecX-BB288-REV,/SecX/GGGCTAGGTACAGGGTTCAGC
20191028_RI510_Embryo-Y-GFP-male_Drosophila-TAD_SIR_THR_45_C1.tif,20191028,RI510,Embryo-Y-GFP-male,Drosophila-TAD,SIR,THR,45,C1,Drosophila melanogaster ,7227,http://purl.obolibrary.org/obo/NCBITaxon_7227,Embryo-Y-GFP-male,"y[1], w[67c23];Dp(1;Y), y[+] P{ry+11} P{w[+mC]=ActGFP}JMR1",chrX,4851500,4961200,109700,1174,10.7,C,BB287-FWD,/5Phos/CGCTCGGTCTCCGTTCGTCTC,SecX-BB288-REV,/SecX/GGGCTAGGTACAGGGTTCAGC
20191028_RI510_Embryo-Y-GFP-male_Drosophila-TAD_SIR_THR_46_C1.tif,20191028,RI510,Embryo-Y-GFP-male,Drosophila-TAD,SIR,THR,46,C1,Drosophila melanogaster ,7227,http://purl.obolibrary.org/obo/NCBITaxon_7227,Embryo-Y-GFP-male,"y[1], w[67c23];Dp(1;Y), y[+] P{ry+11} P{w[+mC]=ActGFP}JMR1",chrX,4851500,4961200,109700,1174,10.7,C,BB287-FWD,/5Phos/CGCTCGGTCTCCGTTCGTCTC,SecX-BB288-REV,/SecX/GGGCTAGGTACAGGGTTCAGC
20191028_RI510_Embryo-Y-GFP-male_Drosophila-TAD_SIR_THR_47_C1.tif,20191028,RI510,Embryo-Y-GFP-male,Drosophila-TAD,SIR,THR,47,C1,Drosophila melanogaster ,7227,http://purl.obolibrary.org/obo/NCBITaxon_7227,Embryo-Y-GFP-male,"y[1], w[67c23];Dp(1;Y), y[+] P{ry+11} P{w[+mC]=ActGFP}JMR1",chrX,4851500,4961200,109700,1174,10.7,C,BB287-FWD,/5Phos/CGCTCGGTCTCCGTTCGTCTC,SecX-BB288-REV,/SecX/GGGCTAGGTACAGGGTTCAGC
20191028_RI510_Embryo-Y-GFP-male_Drosophila-TAD_SIR_THR_48_C1.tif,20191028,RI510,Embryo-Y-GFP-male,Drosophila-TAD,SIR,THR,48,C1,Drosophila melanogaster ,7227,http://purl.obolibrary.org/obo/NCBITaxon_7227,Embryo-Y-GFP-male,"y[1], w[67c23];Dp(1;Y), y[+] P{ry+11} P{w[+mC]=ActGFP}JMR1",chrX,4851500,4961200,109700,1174,10.7,C,BB287-FWD,/5Phos/CGCTCGGTCTCCGTTCGTCTC,SecX-BB288-REV,/SecX/GGGCTAGGTACAGGGTTCAGC
20191028_RI510_Embryo-Y-GFP-male_Drosophila-TAD_SIR_THR_49_C1.tif,20191028,RI510,Embryo-Y-GFP-male,Drosophila-TAD,SIR,THR,49,C1,Drosophila melanogaster ,7227,http://purl.obolibrary.org/obo/NCBITaxon_7227,Embryo-Y-GFP-male,"y[1], w[67c23];Dp(1;Y), y[+] P{ry+11} P{w[+mC]=ActGFP}JMR1",chrX,4851500,4961200,109700,1174,10.7,C,BB287-FWD,/5Phos/CGCTCGGTCTCCGTTCGTCTC,SecX-BB288-REV,/SecX/GGGCTAGGTACAGGGTTCAGC
20191028_RI510_Embryo-Y-GFP-male_Drosophila-TAD_SIR_THR_4_C1.tif,20191028,RI510,Embryo-Y-GFP-male,Drosophila-TAD,SIR,THR,4,C1,Drosophila melanogaster ,7227,http://purl.obolibrary.org/obo/NCBITaxon_7227,Embryo-Y-GFP-male,"y[1], w[67c23];Dp(1;Y), y[+] P{ry+11} P{w[+mC]=ActGFP}JMR1",chrX,4851500,4961200,109700,1174,10.7,C,BB287-FWD,/5Phos/CGCTCGGTCTCCGTTCGTCTC,SecX-BB288-REV,/SecX/GGGCTAGGTACAGGGTTCAGC
20191028_RI510_Embryo-Y-GFP-male_Drosophila-TAD_SIR_THR_50_C1.tif,20191028,RI510,Embryo-Y-GFP-male,Drosophila-TAD,SIR,THR,50,C1,Drosophila melanogaster ,7227,http://purl.obolibrary.org/obo/NCBITaxon_7227,Embryo-Y-GFP-male,"y[1], w[67c23];Dp(1;Y), y[+] P{ry+11} P{w[+mC]=ActGFP}JMR1",chrX,4851500,4961200,109700,1174,10.7,C,BB287-FWD,/5Phos/CGCTCGGTCTCCGTTCGTCTC,SecX-BB288-REV,/SecX/GGGCTAGGTACAGGGTTCAGC
20191028_RI510_Embryo-Y-GFP-male_Drosophila-TAD_SIR_THR_51_C1.tif,20191028,RI510,Embryo-Y-GFP-male,Drosophila-TAD,SIR,THR,51,C1,Drosophila melanogaster ,7227,http://purl.obolibrary.org/obo/NCBITaxon_7227,Embryo-Y-GFP-male,"y[1], w[67c23];Dp(1;Y), y[+] P{ry+11} P{w[+mC]=ActGFP}JMR1",chrX,4851500,4961200,109700,1174,10.7,C,BB287-FWD,/5Phos/CGCTCGGTCTCCGTTCGTCTC,SecX-BB288-REV,/SecX/GGGCTAGGTACAGGGTTCAGC
20191028_RI510_Embryo-Y-GFP-male_Drosophila-TAD_SIR_THR_52_C1.tif,20191028,RI510,Embryo-Y-GFP-male,Drosophila-TAD,SIR,THR,52,C1,Drosophila melanogaster ,7227,http://purl.obolibrary.org/obo/NCBITaxon_7227,Embryo-Y-GFP-male,"y[1], w[67c23];Dp(1;Y), y[+] P{ry+11} P{w[+mC]=ActGFP}JMR1",chrX,4851500,4961200,109700,1174,10.7,C,BB287-FWD,/5Phos/CGCTCGGTCTCCGTTCGTCTC,SecX-BB288-REV,/SecX/GGGCTAGGTACAGGGTTCAGC
20191028_RI510_Embryo-Y-GFP-male_Drosophila-TAD_SIR_THR_53_C1.tif,20191028,RI510,Embryo-Y-GFP-male,Drosophila-TAD,SIR,THR,53,C1,Drosophila melanogaster ,7227,http://purl.obolibrary.org/obo/NCBITaxon_7227,Embryo-Y-GFP-male,"y[1], w[67c23];Dp(1;Y), y[+] P{ry+11} P{w[+mC]=ActGFP}JMR1",chrX,4851500,4961200,109700,1174,10.7,C,BB287-FWD,/5Phos/CGCTCGGTCTCCGTTCGTCTC,SecX-BB288-REV,/SecX/GGGCTAGGTACAGGGTTCAGC
20191028_RI510_Embryo-Y-GFP-male_Drosophila-TAD_SIR_THR_54_C1.tif,20191028,RI510,Embryo-Y-GFP-male,Drosophila-TAD,SIR,THR,54,C1,Drosophila melanogaster ,7227,http://purl.obolibrary.org/obo/NCBITaxon_7227,Embryo-Y-GFP-male,"y[1], w[67c23];Dp(1;Y), y[+] P{ry+11} P{w[+mC]=ActGFP}JMR1",chrX,4851500,4961200,109700,1174,10.7,C,BB287-FWD,/5Phos/CGCTCGGTCTCCGTTCGTCTC,SecX-BB288-REV,/SecX/GGGCTAGGTACAGGGTTCAGC
20191028_RI510_Embryo-Y-GFP-male_Drosophila-TAD_SIR_THR_55_C1.tif,20191028,RI510,Embryo-Y-GFP-male,Drosophila-TAD,SIR,THR,55,C1,Drosophila melanogaster ,7227,http://purl.obolibrary.org/obo/NCBITaxon_7227,Embryo-Y-GFP-male,"y[1], w[67c23];Dp(1;Y), y[+] P{ry+11} P{w[+mC]=ActGFP}JMR1",chrX,4851500,4961200,109700,1174,10.7,C,BB287-FWD,/5Phos/CGCTCGGTCTCCGTTCGTCTC,SecX-BB288-REV,/SecX/GGGCTAGGTACAGGGTTCAGC
20191028_RI510_Embryo-Y-GFP-male_Drosophila-TAD_SIR_THR_56_C1.tif,20191028,RI510,Embryo-Y-GFP-male,Drosophila-TAD,SIR,THR,56,C1,Drosophila melanogaster ,7227,http://purl.obolibrary.org/obo/NCBITaxon_7227,Embryo-Y-GFP-male,"y[1], w[67c23];Dp(1;Y), y[+] P{ry+11} P{w[+mC]=ActGFP}JMR1",chrX,4851500,4961200,109700,1174,10.7,C,BB287-FWD,/5Phos/CGCTCGGTCTCCGTTCGTCTC,SecX-BB288-REV,/SecX/GGGCTAGGTACAGGGTTCAGC
20191028_RI510_Embryo-Y-GFP-male_Drosophila-TAD_SIR_THR_57_C1.tif,20191028,RI510,Embryo-Y-GFP-male,Drosophila-TAD,SIR,THR,57,C1,Drosophila melanogaster ,7227,http://purl.obolibrary.org/obo/NCBITaxon_7227,Embryo-Y-GFP-male,"y[1], w[67c23];Dp(1;Y), y[+] P{ry+11} P{w[+mC]=ActGFP}JMR1",chrX,4851500,4961200,109700,1174,10.7,C,BB287-FWD,/5Phos/CGCTCGGTCTCCGTTCGTCTC,SecX-BB288-REV,/SecX/GGGCTAGGTACAGGGTTCAGC
20191028_RI510_Embryo-Y-GFP-male_Drosophila-TAD_SIR_THR_58_C1.tif,20191028,RI510,Embryo-Y-GFP-male,Drosophila-TAD,SIR,THR,58,C1,Drosophila melanogaster ,7227,http://purl.obolibrary.org/obo/NCBITaxon_7227,Embryo-Y-GFP-male,"y[1], w[67c23];Dp(1;Y), y[+] P{ry+11} P{w[+mC]=ActGFP}JMR1",chrX,4851500,4961200,109700,1174,10.7,C,BB287-FWD,/5Phos/CGCTCGGTCTCCGTTCGTCTC,SecX-BB288-REV,/SecX/GGGCTAGGTACAGGGTTCAGC
20191028_RI510_Embryo-Y-GFP-male_Drosophila-TAD_SIR_THR_59_C1.tif,20191028,RI510,Embryo-Y-GFP-male,Drosophila-TAD,SIR,THR,59,C1,Drosophila melanogaster ,7227,http://purl.obolibrary.org/obo/NCBITaxon_7227,Embryo-Y-GFP-male,"y[1], w[67c23];Dp(1;Y), y[+] P{ry+11} P{w[+mC]=ActGFP}JMR1",chrX,4851500,4961200,109700,1174,10.7,C,BB287-FWD,/5Phos/CGCTCGGTCTCCGTTCGTCTC,SecX-BB288-REV,/SecX/GGGCTAGGTACAGGGTTCAGC
20191028_RI510_Embryo-Y-GFP-male_Drosophila-TAD_SIR_THR_5_C1.tif,20191028,RI510,Embryo-Y-GFP-male,Drosophila-TAD,SIR,THR,5,C1,Drosophila melanogaster ,7227,http://purl.obolibrary.org/obo/NCBITaxon_7227,Embryo-Y-GFP-male,"y[1], w[67c23];Dp(1;Y), y[+] P{ry+11} P{w[+mC]=ActGFP}JMR1",chrX,4851500,4961200,109700,1174,10.7,C,BB287-FWD,/5Phos/CGCTCGGTCTCCGTTCGTCTC,SecX-BB288-REV,/SecX/GGGCTAGGTACAGGGTTCAGC
20191028_RI510_Embryo-Y-GFP-male_Drosophila-TAD_SIR_THR_60_C1.tif,20191028,RI510,Embryo-Y-GFP-male,Drosophila-TAD,SIR,THR,60,C1,Drosophila melanogaster ,7227,http://purl.obolibrary.org/obo/NCBITaxon_7227,Embryo-Y-GFP-male,"y[1], w[67c23];Dp(1;Y), y[+] P{ry+11} P{w[+mC]=ActGFP}JMR1",chrX,4851500,4961200,109700,1174,10.7,C,BB287-FWD,/5Phos/CGCTCGGTCTCCGTTCGTCTC,SecX-BB288-REV,/SecX/GGGCTAGGTACAGGGTTCAGC
20191028_RI510_Embryo-Y-GFP-male_Drosophila-TAD_SIR_THR_61_C1.tif,20191028,RI510,Embryo-Y-GFP-male,Drosophila-TAD,SIR,THR,61,C1,Drosophila melanogaster ,7227,http://purl.obolibrary.org/obo/NCBITaxon_7227,Embryo-Y-GFP-male,"y[1], w[67c23];Dp(1;Y), y[+] P{ry+11} P{w[+mC]=ActGFP}JMR1",chrX,4851500,4961200,109700,1174,10.7,C,BB287-FWD,/5Phos/CGCTCGGTCTCCGTTCGTCTC,SecX-BB288-REV,/SecX/GGGCTAGGTACAGGGTTCAGC
20191028_RI510_Embryo-Y-GFP-male_Drosophila-TAD_SIR_THR_62_C1.tif,20191028,RI510,Embryo-Y-GFP-male,Drosophila-TAD,SIR,THR,62,C1,Drosophila melanogaster ,7227,http://purl.obolibrary.org/obo/NCBITaxon_7227,Embryo-Y-GFP-male,"y[1], w[67c23];Dp(1;Y), y[+] P{ry+11} P{w[+mC]=ActGFP}JMR1",chrX,4851500,4961200,109700,1174,10.7,C,BB287-FWD,/5Phos/CGCTCGGTCTCCGTTCGTCTC,SecX-BB288-REV,/SecX/GGGCTAGGTACAGGGTTCAGC
20191028_RI510_Embryo-Y-GFP-male_Drosophila-TAD_SIR_THR_63_C1.tif,20191028,RI510,Embryo-Y-GFP-male,Drosophila-TAD,SIR,THR,63,C1,Drosophila melanogaster ,7227,http://purl.obolibrary.org/obo/NCBITaxon_7227,Embryo-Y-GFP-male,"y[1], w[67c23];Dp(1;Y), y[+] P{ry+11} P{w[+mC]=ActGFP}JMR1",chrX,4851500,4961200,109700,1174,10.7,C,BB287-FWD,/5Phos/CGCTCGGTCTCCGTTCGTCTC,SecX-BB288-REV,/SecX/GGGCTAGGTACAGGGTTCAGC
20191028_RI510_Embryo-Y-GFP-male_Drosophila-TAD_SIR_THR_64_C1.tif,20191028,RI510,Embryo-Y-GFP-male,Drosophila-TAD,SIR,THR,64,C1,Drosophila melanogaster ,7227,http://purl.obolibrary.org/obo/NCBITaxon_7227,Embryo-Y-GFP-male,"y[1], w[67c23];Dp(1;Y), y[+] P{ry+11} P{w[+mC]=ActGFP}JMR1",chrX,4851500,4961200,109700,1174,10.7,C,BB287-FWD,/5Phos/CGCTCGGTCTCCGTTCGTCTC,SecX-BB288-REV,/SecX/GGGCTAGGTACAGGGTTCAGC
20191028_RI510_Embryo-Y-GFP-male_Drosophila-TAD_SIR_THR_65_C1.tif,20191028,RI510,Embryo-Y-GFP-male,Drosophila-TAD,SIR,THR,65,C1,Drosophila melanogaster ,7227,http://purl.obolibrary.org/obo/NCBITaxon_7227,Embryo-Y-GFP-male,"y[1], w[67c23];Dp(1;Y), y[+] P{ry+11} P{w[+mC]=ActGFP}JMR1",chrX,4851500,4961200,109700,1174,10.7,C,BB287-FWD,/5Phos/CGCTCGGTCTCCGTTCGTCTC,SecX-BB288-REV,/SecX/GGGCTAGGTACAGGGTTCAGC
20191028_RI510_Embryo-Y-GFP-male_Drosophila-TAD_SIR_THR_66_C1.tif,20191028,RI510,Embryo-Y-GFP-male,Drosophila-TAD,SIR,THR,66,C1,Drosophila melanogaster ,7227,http://purl.obolibrary.org/obo/NCBITaxon_7227,Embryo-Y-GFP-male,"y[1], w[67c23];Dp(1;Y), y[+] P{ry+11} P{w[+mC]=ActGFP}JMR1",chrX,4851500,4961200,109700,1174,10.7,C,BB287-FWD,/5Phos/CGCTCGGTCTCCGTTCGTCTC,SecX-BB288-REV,/SecX/GGGCTAGGTACAGGGTTCAGC
20191028_RI510_Embryo-Y-GFP-male_Drosophila-TAD_SIR_THR_67_C1.tif,20191028,RI510,Embryo-Y-GFP-male,Drosophila-TAD,SIR,THR,67,C1,Drosophila melanogaster ,7227,http://purl.obolibrary.org/obo/NCBITaxon_7227,Embryo-Y-GFP-male,"y[1], w[67c23];Dp(1;Y), y[+] P{ry+11} P{w[+mC]=ActGFP}JMR1",chrX,4851500,4961200,109700,1174,10.7,C,BB287-FWD,/5Phos/CGCTCGGTCTCCGTTCGTCTC,SecX-BB288-REV,/SecX/GGGCTAGGTACAGGGTTCAGC
20191028_RI510_Embryo-Y-GFP-male_Drosophila-TAD_SIR_THR_68_C1.tif,20191028,RI510,Embryo-Y-GFP-male,Drosophila-TAD,SIR,THR,68,C1,Drosophila melanogaster ,7227,http://purl.obolibrary.org/obo/NCBITaxon_7227,Embryo-Y-GFP-male,"y[1], w[67c23];Dp(1;Y), y[+] P{ry+11} P{w[+mC]=ActGFP}JMR1",chrX,4851500,4961200,109700,1174,10.7,C,BB287-FWD,/5Phos/CGCTCGGTCTCCGTTCGTCTC,SecX-BB288-REV,/SecX/GGGCTAGGTACAGGGTTCAGC
20191028_RI510_Embryo-Y-GFP-male_Drosophila-TAD_SIR_THR_69_C1.tif,20191028,RI510,Embryo-Y-GFP-male,Drosophila-TAD,SIR,THR,69,C1,Drosophila melanogaster ,7227,http://purl.obolibrary.org/obo/NCBITaxon_7227,Embryo-Y-GFP-male,"y[1], w[67c23];Dp(1;Y), y[+] P{ry+11} P{w[+mC]=ActGFP}JMR1",chrX,4851500,4961200,109700,1174,10.7,C,BB287-FWD,/5Phos/CGCTCGGTCTCCGTTCGTCTC,SecX-BB288-REV,/SecX/GGGCTAGGTACAGGGTTCAGC
20191028_RI510_Embryo-Y-GFP-male_Drosophila-TAD_SIR_THR_6_C1.tif,20191028,RI510,Embryo-Y-GFP-male,Drosophila-TAD,SIR,THR,6,C1,Drosophila melanogaster ,7227,http://purl.obolibrary.org/obo/NCBITaxon_7227,Embryo-Y-GFP-male,"y[1], w[67c23];Dp(1;Y), y[+] P{ry+11} P{w[+mC]=ActGFP}JMR1",chrX,4851500,4961200,109700,1174,10.7,C,BB287-FWD,/5Phos/CGCTCGGTCTCCGTTCGTCTC,SecX-BB288-REV,/SecX/GGGCTAGGTACAGGGTTCAGC
20191028_RI510_Embryo-Y-GFP-male_Drosophila-TAD_SIR_THR_70_C1.tif,20191028,RI510,Embryo-Y-GFP-male,Drosophila-TAD,SIR,THR,70,C1,Drosophila melanogaster ,7227,http://purl.obolibrary.org/obo/NCBITaxon_7227,Embryo-Y-GFP-male,"y[1], w[67c23];Dp(1;Y), y[+] P{ry+11} P{w[+mC]=ActGFP}JMR1",chrX,4851500,4961200,109700,1174,10.7,C,BB287-FWD,/5Phos/CGCTCGGTCTCCGTTCGTCTC,SecX-BB288-REV,/SecX/GGGCTAGGTACAGGGTTCAGC
20191028_RI510_Embryo-Y-GFP-male_Drosophila-TAD_SIR_THR_71_C1.tif,20191028,RI510,Embryo-Y-GFP-male,Drosophila-TAD,SIR,THR,71,C1,Drosophila melanogaster ,7227,http://purl.obolibrary.org/obo/NCBITaxon_7227,Embryo-Y-GFP-male,"y[1], w[67c23];Dp(1;Y), y[+] P{ry+11} P{w[+mC]=ActGFP}JMR1",chrX,4851500,4961200,109700,1174,10.7,C,BB287-FWD,/5Phos/CGCTCGGTCTCCGTTCGTCTC,SecX-BB288-REV,/SecX/GGGCTAGGTACAGGGTTCAGC
20191028_RI510_Embryo-Y-GFP-male_Drosophila-TAD_SIR_THR_72_C1.tif,20191028,RI510,Embryo-Y-GFP-male,Drosophila-TAD,SIR,THR,72,C1,Drosophila melanogaster ,7227,http://purl.obolibrary.org/obo/NCBITaxon_7227,Embryo-Y-GFP-male,"y[1], w[67c23];Dp(1;Y), y[+] P{ry+11} P{w[+mC]=ActGFP}JMR1",chrX,4851500,4961200,109700,1174,10.7,C,BB287-FWD,/5Phos/CGCTCGGTCTCCGTTCGTCTC,SecX-BB288-REV,/SecX/GGGCTAGGTACAGGGTTCAGC
20191028_RI510_Embryo-Y-GFP-male_Drosophila-TAD_SIR_THR_73_C1.tif,20191028,RI510,Embryo-Y-GFP-male,Drosophila-TAD,SIR,THR,73,C1,Drosophila melanogaster ,7227,http://purl.obolibrary.org/obo/NCBITaxon_7227,Embryo-Y-GFP-male,"y[1], w[67c23];Dp(1;Y), y[+] P{ry+11} P{w[+mC]=ActGFP}JMR1",chrX,4851500,4961200,109700,1174,10.7,C,BB287-FWD,/5Phos/CGCTCGGTCTCCGTTCGTCTC,SecX-BB288-REV,/SecX/GGGCTAGGTACAGGGTTCAGC
20191028_RI510_Embryo-Y-GFP-male_Drosophila-TAD_SIR_THR_74_C1.tif,20191028,RI510,Embryo-Y-GFP-male,Drosophila-TAD,SIR,THR,74,C1,Drosophila melanogaster ,7227,http://purl.obolibrary.org/obo/NCBITaxon_7227,Embryo-Y-GFP-male,"y[1], w[67c23];Dp(1;Y), y[+] P{ry+11} P{w[+mC]=ActGFP}JMR1",chrX,4851500,4961200,109700,1174,10.7,C,BB287-FWD,/5Phos/CGCTCGGTCTCCGTTCGTCTC,SecX-BB288-REV,/SecX/GGGCTAGGTACAGGGTTCAGC
20191028_RI510_Embryo-Y-GFP-male_Drosophila-TAD_SIR_THR_75_C1.tif,20191028,RI510,Embryo-Y-GFP-male,Drosophila-TAD,SIR,THR,75,C1,Drosophila melanogaster ,7227,http://purl.obolibrary.org/obo/NCBITaxon_7227,Embryo-Y-GFP-male,"y[1], w[67c23];Dp(1;Y), y[+] P{ry+11} P{w[+mC]=ActGFP}JMR1",chrX,4851500,4961200,109700,1174,10.7,C,BB287-FWD,/5Phos/CGCTCGGTCTCCGTTCGTCTC,SecX-BB288-REV,/SecX/GGGCTAGGTACAGGGTTCAGC
20191028_RI510_Embryo-Y-GFP-male_Drosophila-TAD_SIR_THR_76_C1.tif,20191028,RI510,Embryo-Y-GFP-male,Drosophila-TAD,SIR,THR,76,C1,Drosophila melanogaster ,7227,http://purl.obolibrary.org/obo/NCBITaxon_7227,Embryo-Y-GFP-male,"y[1], w[67c23];Dp(1;Y), y[+] P{ry+11} P{w[+mC]=ActGFP}JMR1",chrX,4851500,4961200,109700,1174,10.7,C,BB287-FWD,/5Phos/CGCTCGGTCTCCGTTCGTCTC,SecX-BB288-REV,/SecX/GGGCTAGGTACAGGGTTCAGC
20191028_RI510_Embryo-Y-GFP-male_Drosophila-TAD_SIR_THR_77_C1.tif,20191028,RI510,Embryo-Y-GFP-male,Drosophila-TAD,SIR,THR,77,C1,Drosophila melanogaster ,7227,http://purl.obolibrary.org/obo/NCBITaxon_7227,Embryo-Y-GFP-male,"y[1], w[67c23];Dp(1;Y), y[+] P{ry+11} P{w[+mC]=ActGFP}JMR1",chrX,4851500,4961200,109700,1174,10.7,C,BB287-FWD,/5Phos/CGCTCGGTCTCCGTTCGTCTC,SecX-BB288-REV,/SecX/GGGCTAGGTACAGGGTTCAGC
20191028_RI510_Embryo-Y-GFP-male_Drosophila-TAD_SIR_THR_78_C1.tif,20191028,RI510,Embryo-Y-GFP-male,Drosophila-TAD,SIR,THR,78,C1,Drosophila melanogaster ,7227,http://purl.obolibrary.org/obo/NCBITaxon_7227,Embryo-Y-GFP-male,"y[1], w[67c23];Dp(1;Y), y[+] P{ry+11} P{w[+mC]=ActGFP}JMR1",chrX,4851500,4961200,109700,1174,10.7,C,BB287-FWD,/5Phos/CGCTCGGTCTCCGTTCGTCTC,SecX-BB288-REV,/SecX/GGGCTAGGTACAGGGTTCAGC
20191028_RI510_Embryo-Y-GFP-male_Drosophila-TAD_SIR_THR_79_C1.tif,20191028,RI510,Embryo-Y-GFP-male,Drosophila-TAD,SIR,THR,79,C1,Drosophila melanogaster ,7227,http://purl.obolibrary.org/obo/NCBITaxon_7227,Embryo-Y-GFP-male,"y[1], w[67c23];Dp(1;Y), y[+] P{ry+11} P{w[+mC]=ActGFP}JMR1",chrX,4851500,4961200,109700,1174,10.7,C,BB287-FWD,/5Phos/CGCTCGGTCTCCGTTCGTCTC,SecX-BB288-REV,/SecX/GGGCTAGGTACAGGGTTCAGC
20191028_RI510_Embryo-Y-GFP-male_Drosophila-TAD_SIR_THR_7_C1.tif,20191028,RI510,Embryo-Y-GFP-male,Drosophila-TAD,SIR,THR,7,C1,Drosophila melanogaster ,7227,http://purl.obolibrary.org/obo/NCBITaxon_7227,Embryo-Y-GFP-male,"y[1], w[67c23];Dp(1;Y), y[+] P{ry+11} P{w[+mC]=ActGFP}JMR1",chrX,4851500,4961200,109700,1174,10.7,C,BB287-FWD,/5Phos/CGCTCGGTCTCCGTTCGTCTC,SecX-BB288-REV,/SecX/GGGCTAGGTACAGGGTTCAGC
20191028_RI510_Embryo-Y-GFP-male_Drosophila-TAD_SIR_THR_80_C1.tif,20191028,RI510,Embryo-Y-GFP-male,Drosophila-TAD,SIR,THR,80,C1,Drosophila melanogaster ,7227,http://purl.obolibrary.org/obo/NCBITaxon_7227,Embryo-Y-GFP-male,"y[1], w[67c23];Dp(1;Y), y[+] P{ry+11} P{w[+mC]=ActGFP}JMR1",chrX,4851500,4961200,109700,1174,10.7,C,BB287-FWD,/5Phos/CGCTCGGTCTCCGTTCGTCTC,SecX-BB288-REV,/SecX/GGGCTAGGTACAGGGTTCAGC
20191028_RI510_Embryo-Y-GFP-male_Drosophila-TAD_SIR_THR_81_C1.tif,20191028,RI510,Embryo-Y-GFP-male,Drosophila-TAD,SIR,THR,81,C1,Drosophila melanogaster ,7227,http://purl.obolibrary.org/obo/NCBITaxon_7227,Embryo-Y-GFP-male,"y[1], w[67c23];Dp(1;Y), y[+] P{ry+11} P{w[+mC]=ActGFP}JMR1",chrX,4851500,4961200,109700,1174,10.7,C,BB287-FWD,/5Phos/CGCTCGGTCTCCGTTCGTCTC,SecX-BB288-REV,/SecX/GGGCTAGGTACAGGGTTCAGC
20191028_RI510_Embryo-Y-GFP-male_Drosophila-TAD_SIR_THR_82_C1.tif,20191028,RI510,Embryo-Y-GFP-male,Drosophila-TAD,SIR,THR,82,C1,Drosophila melanogaster ,7227,http://purl.obolibrary.org/obo/NCBITaxon_7227,Embryo-Y-GFP-male,"y[1], w[67c23];Dp(1;Y), y[+] P{ry+11} P{w[+mC]=ActGFP}JMR1",chrX,4851500,4961200,109700,1174,10.7,C,BB287-FWD,/5Phos/CGCTCGGTCTCCGTTCGTCTC,SecX-BB288-REV,/SecX/GGGCTAGGTACAGGGTTCAGC
20191028_RI510_Embryo-Y-GFP-male_Drosophila-TAD_SIR_THR_83_C1.tif,20191028,RI510,Embryo-Y-GFP-male,Drosophila-TAD,SIR,THR,83,C1,Drosophila melanogaster ,7227,http://purl.obolibrary.org/obo/NCBITaxon_7227,Embryo-Y-GFP-male,"y[1], w[67c23];Dp(1;Y), y[+] P{ry+11} P{w[+mC]=ActGFP}JMR1",chrX,4851500,4961200,109700,1174,10.7,C,BB287-FWD,/5Phos/CGCTCGGTCTCCGTTCGTCTC,SecX-BB288-REV,/SecX/GGGCTAGGTACAGGGTTCAGC
20191028_RI510_Embryo-Y-GFP-male_Drosophila-TAD_SIR_THR_84_C1.tif,20191028,RI510,Embryo-Y-GFP-male,Drosophila-TAD,SIR,THR,84,C1,Drosophila melanogaster ,7227,http://purl.obolibrary.org/obo/NCBITaxon_7227,Embryo-Y-GFP-male,"y[1], w[67c23];Dp(1;Y), y[+] P{ry+11} P{w[+mC]=ActGFP}JMR1",chrX,4851500,4961200,109700,1174,10.7,C,BB287-FWD,/5Phos/CGCTCGGTCTCCGTTCGTCTC,SecX-BB288-REV,/SecX/GGGCTAGGTACAGGGTTCAGC
20191028_RI510_Embryo-Y-GFP-male_Drosophila-TAD_SIR_THR_85_C1.tif,20191028,RI510,Embryo-Y-GFP-male,Drosophila-TAD,SIR,THR,85,C1,Drosophila melanogaster ,7227,http://purl.obolibrary.org/obo/NCBITaxon_7227,Embryo-Y-GFP-male,"y[1], w[67c23];Dp(1;Y), y[+] P{ry+11} P{w[+mC]=ActGFP}JMR1",chrX,4851500,4961200,109700,1174,10.7,C,BB287-FWD,/5Phos/CGCTCGGTCTCCGTTCGTCTC,SecX-BB288-REV,/SecX/GGGCTAGGTACAGGGTTCAGC
20191028_RI510_Embryo-Y-GFP-male_Drosophila-TAD_SIR_THR_86_C1.tif,20191028,RI510,Embryo-Y-GFP-male,Drosophila-TAD,SIR,THR,86,C1,Drosophila melanogaster ,7227,http://purl.obolibrary.org/obo/NCBITaxon_7227,Embryo-Y-GFP-male,"y[1], w[67c23];Dp(1;Y), y[+] P{ry+11} P{w[+mC]=ActGFP}JMR1",chrX,4851500,4961200,109700,1174,10.7,C,BB287-FWD,/5Phos/CGCTCGGTCTCCGTTCGTCTC,SecX-BB288-REV,/SecX/GGGCTAGGTACAGGGTTCAGC
20191028_RI510_Embryo-Y-GFP-male_Drosophila-TAD_SIR_THR_87_C1.tif,20191028,RI510,Embryo-Y-GFP-male,Drosophila-TAD,SIR,THR,87,C1,Drosophila melanogaster ,7227,http://purl.obolibrary.org/obo/NCBITaxon_7227,Embryo-Y-GFP-male,"y[1], w[67c23];Dp(1;Y), y[+] P{ry+11} P{w[+mC]=ActGFP}JMR1",chrX,4851500,4961200,109700,1174,10.7,C,BB287-FWD,/5Phos/CGCTCGGTCTCCGTTCGTCTC,SecX-BB288-REV,/SecX/GGGCTAGGTACAGGGTTCAGC
20191028_RI510_Embryo-Y-GFP-male_Drosophila-TAD_SIR_THR_88_C1.tif,20191028,RI510,Embryo-Y-GFP-male,Drosophila-TAD,SIR,THR,88,C1,Drosophila melanogaster ,7227,http://purl.obolibrary.org/obo/NCBITaxon_7227,Embryo-Y-GFP-male,"y[1], w[67c23];Dp(1;Y), y[+] P{ry+11} P{w[+mC]=ActGFP}JMR1",chrX,4851500,4961200,109700,1174,10.7,C,BB287-FWD,/5Phos/CGCTCGGTCTCCGTTCGTCTC,SecX-BB288-REV,/SecX/GGGCTAGGTACAGGGTTCAGC
20191028_RI510_Embryo-Y-GFP-male_Drosophila-TAD_SIR_THR_89_C1.tif,20191028,RI510,Embryo-Y-GFP-male,Drosophila-TAD,SIR,THR,89,C1,Drosophila melanogaster ,7227,http://purl.obolibrary.org/obo/NCBITaxon_7227,Embryo-Y-GFP-male,"y[1], w[67c23];Dp(1;Y), y[+] P{ry+11} P{w[+mC]=ActGFP}JMR1",chrX,4851500,4961200,109700,1174,10.7,C,BB287-FWD,/5Phos/CGCTCGGTCTCCGTTCGTCTC,SecX-BB288-REV,/SecX/GGGCTAGGTACAGGGTTCAGC
20191028_RI510_Embryo-Y-GFP-male_Drosophila-TAD_SIR_THR_8_C1.tif,20191028,RI510,Embryo-Y-GFP-male,Drosophila-TAD,SIR,THR,8,C1,Drosophila melanogaster ,7227,http://purl.obolibrary.org/obo/NCBITaxon_7227,Embryo-Y-GFP-male,"y[1], w[67c23];Dp(1;Y), y[+] P{ry+11} P{w[+mC]=ActGFP}JMR1",chrX,4851500,4961200,109700,1174,10.7,C,BB287-FWD,/5Phos/CGCTCGGTCTCCGTTCGTCTC,SecX-BB288-REV,/SecX/GGGCTAGGTACAGGGTTCAGC
20191028_RI510_Embryo-Y-GFP-male_Drosophila-TAD_SIR_THR_90_C1.tif,20191028,RI510,Embryo-Y-GFP-male,Drosophila-TAD,SIR,THR,90,C1,Drosophila melanogaster ,7227,http://purl.obolibrary.org/obo/NCBITaxon_7227,Embryo-Y-GFP-male,"y[1], w[67c23];Dp(1;Y), y[+] P{ry+11} P{w[+mC]=ActGFP}JMR1",chrX,4851500,4961200,109700,1174,10.7,C,BB287-FWD,/5Phos/CGCTCGGTCTCCGTTCGTCTC,SecX-BB288-REV,/SecX/GGGCTAGGTACAGGGTTCAGC
20191028_RI510_Embryo-Y-GFP-male_Drosophila-TAD_SIR_THR_9_C1.tif,20191028,RI510,Embryo-Y-GFP-male,Drosophila-TAD,SIR,THR,9,C1,Drosophila melanogaster ,7227,http://purl.obolibrary.org/obo/NCBITaxon_7227,Embryo-Y-GFP-male,"y[1], w[67c23];Dp(1;Y), y[+] P{ry+11} P{w[+mC]=ActGFP}JMR1",chrX,4851500,4961200,109700,1174,10.7,C,BB287-FWD,/5Phos/CGCTCGGTCTCCGTTCGTCTC,SecX-BB288-REV,/SecX/GGGCTAGGTACAGGGTTCAGC
