# header s,s,s,s,s,s,s,s,s,s,s,s,s,s,s,s,s,s,s,s,l,l,l,l,d,s,s,s,s,s,s,s,l,l,l,l,d,s,s,s,s,s,s
Image Name,Date,Refractive Index,Cell Line Name,Probe Ch0,Probe Ch1,Sir Tag,Number Of Channels,Aligned Tag,Thresholded Tag,Image Number,Ch Number,Characteristics [Organism],Term Source 1 REF,Term Source 1 URL,Term Source 2 REF,Term Source 2 URL,Term Source 2 Accession,Tissue,Chr Ch0,Start Ch0,End Ch0,Size bp Ch0,Number Oligos Ch0,Density Ch0,Primer Code Ch0,Primer Name Forward Ch0,Primer Sequence Forward Ch0,Primer Name Reverse Ch0,Primer Sequence Reverse Ch0,Cluster NPC Ch0,Chr Ch1,Start Ch1,End Ch1,Size bp Ch1,Number Oligos Ch1,Density Ch1,Primer Code Ch1,Primer Name Forward Ch1,Primer Sequence Forward Ch1,Primer Name Reverse Ch1,Primer Sequence Reverse Ch1,Cluster NPC Ch1
20180618_RI516_ncxNPC_11_12_SIR_2C_ALN_THR_10_C1.tif,20180618,RI516,ncxNPC,11,12,SIR,2C,ALN,THR,10,C1,Mus musculus,10090,http://purl.obolibrary.org/obo/NCBITaxon_10090,UBERON,http://purl.obolibrary.org/obo/UBERON_0001950,UBERON_0001950,E14.5 neocortex ,chr18,54000000,54990180,990180,13453,13.587,A,BB82-FWD,/5Phos/GTATCGTGCAAGGGTGAATGC,SecX-BB278-REV,/SecX/GAGCAGTCACAGTCCAGAAGG,active,chr18,54995000,56335000,1340000,17829,13.306,B,BB81-FWD,/5Phos/ATCCTAGCCCATACGGCAATG,SecX-BB281-REV,/SecX/GGACATGGGTCAGGTAGGTTG,active
20180618_RI516_ncxNPC_11_12_SIR_2C_ALN_THR_10_C2.tif,20180618,RI516,ncxNPC,11,12,SIR,2C,ALN,THR,10,C2,Mus musculus,10090,http://purl.obolibrary.org/obo/NCBITaxon_10090,UBERON,http://purl.obolibrary.org/obo/UBERON_0001950,UBERON_0001950,E14.5 neocortex ,chr18,54000000,54990180,990180,13453,13.587,A,BB82-FWD,/5Phos/GTATCGTGCAAGGGTGAATGC,SecX-BB278-REV,/SecX/GAGCAGTCACAGTCCAGAAGG,active,chr18,54995000,56335000,1340000,17829,13.306,B,BB81-FWD,/5Phos/ATCCTAGCCCATACGGCAATG,SecX-BB281-REV,/SecX/GGACATGGGTCAGGTAGGTTG,active
20180618_RI516_ncxNPC_11_12_SIR_2C_ALN_THR_11_C1.tif,20180618,RI516,ncxNPC,11,12,SIR,2C,ALN,THR,11,C1,Mus musculus,10090,http://purl.obolibrary.org/obo/NCBITaxon_10090,UBERON,http://purl.obolibrary.org/obo/UBERON_0001950,UBERON_0001950,E14.5 neocortex ,chr18,54000000,54990180,990180,13453,13.587,A,BB82-FWD,/5Phos/GTATCGTGCAAGGGTGAATGC,SecX-BB278-REV,/SecX/GAGCAGTCACAGTCCAGAAGG,active,chr18,54995000,56335000,1340000,17829,13.306,B,BB81-FWD,/5Phos/ATCCTAGCCCATACGGCAATG,SecX-BB281-REV,/SecX/GGACATGGGTCAGGTAGGTTG,active
20180618_RI516_ncxNPC_11_12_SIR_2C_ALN_THR_11_C2.tif,20180618,RI516,ncxNPC,11,12,SIR,2C,ALN,THR,11,C2,Mus musculus,10090,http://purl.obolibrary.org/obo/NCBITaxon_10090,UBERON,http://purl.obolibrary.org/obo/UBERON_0001950,UBERON_0001950,E14.5 neocortex ,chr18,54000000,54990180,990180,13453,13.587,A,BB82-FWD,/5Phos/GTATCGTGCAAGGGTGAATGC,SecX-BB278-REV,/SecX/GAGCAGTCACAGTCCAGAAGG,active,chr18,54995000,56335000,1340000,17829,13.306,B,BB81-FWD,/5Phos/ATCCTAGCCCATACGGCAATG,SecX-BB281-REV,/SecX/GGACATGGGTCAGGTAGGTTG,active
20180618_RI516_ncxNPC_11_12_SIR_2C_ALN_THR_12_C1.tif,20180618,RI516,ncxNPC,11,12,SIR,2C,ALN,THR,12,C1,Mus musculus,10090,http://purl.obolibrary.org/obo/NCBITaxon_10090,UBERON,http://purl.obolibrary.org/obo/UBERON_0001950,UBERON_0001950,E14.5 neocortex ,chr18,54000000,54990180,990180,13453,13.587,A,BB82-FWD,/5Phos/GTATCGTGCAAGGGTGAATGC,SecX-BB278-REV,/SecX/GAGCAGTCACAGTCCAGAAGG,active,chr18,54995000,56335000,1340000,17829,13.306,B,BB81-FWD,/5Phos/ATCCTAGCCCATACGGCAATG,SecX-BB281-REV,/SecX/GGACATGGGTCAGGTAGGTTG,active
20180618_RI516_ncxNPC_11_12_SIR_2C_ALN_THR_12_C2.tif,20180618,RI516,ncxNPC,11,12,SIR,2C,ALN,THR,12,C2,Mus musculus,10090,http://purl.obolibrary.org/obo/NCBITaxon_10090,UBERON,http://purl.obolibrary.org/obo/UBERON_0001950,UBERON_0001950,E14.5 neocortex ,chr18,54000000,54990180,990180,13453,13.587,A,BB82-FWD,/5Phos/GTATCGTGCAAGGGTGAATGC,SecX-BB278-REV,/SecX/GAGCAGTCACAGTCCAGAAGG,active,chr18,54995000,56335000,1340000,17829,13.306,B,BB81-FWD,/5Phos/ATCCTAGCCCATACGGCAATG,SecX-BB281-REV,/SecX/GGACATGGGTCAGGTAGGTTG,active
20180618_RI516_ncxNPC_11_12_SIR_2C_ALN_THR_13_C1.tif,20180618,RI516,ncxNPC,11,12,SIR,2C,ALN,THR,13,C1,Mus musculus,10090,http://purl.obolibrary.org/obo/NCBITaxon_10090,UBERON,http://purl.obolibrary.org/obo/UBERON_0001950,UBERON_0001950,E14.5 neocortex ,chr18,54000000,54990180,990180,13453,13.587,A,BB82-FWD,/5Phos/GTATCGTGCAAGGGTGAATGC,SecX-BB278-REV,/SecX/GAGCAGTCACAGTCCAGAAGG,active,chr18,54995000,56335000,1340000,17829,13.306,B,BB81-FWD,/5Phos/ATCCTAGCCCATACGGCAATG,SecX-BB281-REV,/SecX/GGACATGGGTCAGGTAGGTTG,active
20180618_RI516_ncxNPC_11_12_SIR_2C_ALN_THR_13_C2.tif,20180618,RI516,ncxNPC,11,12,SIR,2C,ALN,THR,13,C2,Mus musculus,10090,http://purl.obolibrary.org/obo/NCBITaxon_10090,UBERON,http://purl.obolibrary.org/obo/UBERON_0001950,UBERON_0001950,E14.5 neocortex ,chr18,54000000,54990180,990180,13453,13.587,A,BB82-FWD,/5Phos/GTATCGTGCAAGGGTGAATGC,SecX-BB278-REV,/SecX/GAGCAGTCACAGTCCAGAAGG,active,chr18,54995000,56335000,1340000,17829,13.306,B,BB81-FWD,/5Phos/ATCCTAGCCCATACGGCAATG,SecX-BB281-REV,/SecX/GGACATGGGTCAGGTAGGTTG,active
20180618_RI516_ncxNPC_11_12_SIR_2C_ALN_THR_14_C1.tif,20180618,RI516,ncxNPC,11,12,SIR,2C,ALN,THR,14,C1,Mus musculus,10090,http://purl.obolibrary.org/obo/NCBITaxon_10090,UBERON,http://purl.obolibrary.org/obo/UBERON_0001950,UBERON_0001950,E14.5 neocortex ,chr18,54000000,54990180,990180,13453,13.587,A,BB82-FWD,/5Phos/GTATCGTGCAAGGGTGAATGC,SecX-BB278-REV,/SecX/GAGCAGTCACAGTCCAGAAGG,active,chr18,54995000,56335000,1340000,17829,13.306,B,BB81-FWD,/5Phos/ATCCTAGCCCATACGGCAATG,SecX-BB281-REV,/SecX/GGACATGGGTCAGGTAGGTTG,active
20180618_RI516_ncxNPC_11_12_SIR_2C_ALN_THR_14_C2.tif,20180618,RI516,ncxNPC,11,12,SIR,2C,ALN,THR,14,C2,Mus musculus,10090,http://purl.obolibrary.org/obo/NCBITaxon_10090,UBERON,http://purl.obolibrary.org/obo/UBERON_0001950,UBERON_0001950,E14.5 neocortex ,chr18,54000000,54990180,990180,13453,13.587,A,BB82-FWD,/5Phos/GTATCGTGCAAGGGTGAATGC,SecX-BB278-REV,/SecX/GAGCAGTCACAGTCCAGAAGG,active,chr18,54995000,56335000,1340000,17829,13.306,B,BB81-FWD,/5Phos/ATCCTAGCCCATACGGCAATG,SecX-BB281-REV,/SecX/GGACATGGGTCAGGTAGGTTG,active
20180618_RI516_ncxNPC_11_12_SIR_2C_ALN_THR_15_C1.tif,20180618,RI516,ncxNPC,11,12,SIR,2C,ALN,THR,15,C1,Mus musculus,10090,http://purl.obolibrary.org/obo/NCBITaxon_10090,UBERON,http://purl.obolibrary.org/obo/UBERON_0001950,UBERON_0001950,E14.5 neocortex ,chr18,54000000,54990180,990180,13453,13.587,A,BB82-FWD,/5Phos/GTATCGTGCAAGGGTGAATGC,SecX-BB278-REV,/SecX/GAGCAGTCACAGTCCAGAAGG,active,chr18,54995000,56335000,1340000,17829,13.306,B,BB81-FWD,/5Phos/ATCCTAGCCCATACGGCAATG,SecX-BB281-REV,/SecX/GGACATGGGTCAGGTAGGTTG,active
20180618_RI516_ncxNPC_11_12_SIR_2C_ALN_THR_15_C2.tif,20180618,RI516,ncxNPC,11,12,SIR,2C,ALN,THR,15,C2,Mus musculus,10090,http://purl.obolibrary.org/obo/NCBITaxon_10090,UBERON,http://purl.obolibrary.org/obo/UBERON_0001950,UBERON_0001950,E14.5 neocortex ,chr18,54000000,54990180,990180,13453,13.587,A,BB82-FWD,/5Phos/GTATCGTGCAAGGGTGAATGC,SecX-BB278-REV,/SecX/GAGCAGTCACAGTCCAGAAGG,active,chr18,54995000,56335000,1340000,17829,13.306,B,BB81-FWD,/5Phos/ATCCTAGCCCATACGGCAATG,SecX-BB281-REV,/SecX/GGACATGGGTCAGGTAGGTTG,active
20180618_RI516_ncxNPC_11_12_SIR_2C_ALN_THR_16_C1.tif,20180618,RI516,ncxNPC,11,12,SIR,2C,ALN,THR,16,C1,Mus musculus,10090,http://purl.obolibrary.org/obo/NCBITaxon_10090,UBERON,http://purl.obolibrary.org/obo/UBERON_0001950,UBERON_0001950,E14.5 neocortex ,chr18,54000000,54990180,990180,13453,13.587,A,BB82-FWD,/5Phos/GTATCGTGCAAGGGTGAATGC,SecX-BB278-REV,/SecX/GAGCAGTCACAGTCCAGAAGG,active,chr18,54995000,56335000,1340000,17829,13.306,B,BB81-FWD,/5Phos/ATCCTAGCCCATACGGCAATG,SecX-BB281-REV,/SecX/GGACATGGGTCAGGTAGGTTG,active
20180618_RI516_ncxNPC_11_12_SIR_2C_ALN_THR_16_C2.tif,20180618,RI516,ncxNPC,11,12,SIR,2C,ALN,THR,16,C2,Mus musculus,10090,http://purl.obolibrary.org/obo/NCBITaxon_10090,UBERON,http://purl.obolibrary.org/obo/UBERON_0001950,UBERON_0001950,E14.5 neocortex ,chr18,54000000,54990180,990180,13453,13.587,A,BB82-FWD,/5Phos/GTATCGTGCAAGGGTGAATGC,SecX-BB278-REV,/SecX/GAGCAGTCACAGTCCAGAAGG,active,chr18,54995000,56335000,1340000,17829,13.306,B,BB81-FWD,/5Phos/ATCCTAGCCCATACGGCAATG,SecX-BB281-REV,/SecX/GGACATGGGTCAGGTAGGTTG,active
20180618_RI516_ncxNPC_11_12_SIR_2C_ALN_THR_17_C1.tif,20180618,RI516,ncxNPC,11,12,SIR,2C,ALN,THR,17,C1,Mus musculus,10090,http://purl.obolibrary.org/obo/NCBITaxon_10090,UBERON,http://purl.obolibrary.org/obo/UBERON_0001950,UBERON_0001950,E14.5 neocortex ,chr18,54000000,54990180,990180,13453,13.587,A,BB82-FWD,/5Phos/GTATCGTGCAAGGGTGAATGC,SecX-BB278-REV,/SecX/GAGCAGTCACAGTCCAGAAGG,active,chr18,54995000,56335000,1340000,17829,13.306,B,BB81-FWD,/5Phos/ATCCTAGCCCATACGGCAATG,SecX-BB281-REV,/SecX/GGACATGGGTCAGGTAGGTTG,active
20180618_RI516_ncxNPC_11_12_SIR_2C_ALN_THR_17_C2.tif,20180618,RI516,ncxNPC,11,12,SIR,2C,ALN,THR,17,C2,Mus musculus,10090,http://purl.obolibrary.org/obo/NCBITaxon_10090,UBERON,http://purl.obolibrary.org/obo/UBERON_0001950,UBERON_0001950,E14.5 neocortex ,chr18,54000000,54990180,990180,13453,13.587,A,BB82-FWD,/5Phos/GTATCGTGCAAGGGTGAATGC,SecX-BB278-REV,/SecX/GAGCAGTCACAGTCCAGAAGG,active,chr18,54995000,56335000,1340000,17829,13.306,B,BB81-FWD,/5Phos/ATCCTAGCCCATACGGCAATG,SecX-BB281-REV,/SecX/GGACATGGGTCAGGTAGGTTG,active
20180618_RI516_ncxNPC_11_12_SIR_2C_ALN_THR_18_C1.tif,20180618,RI516,ncxNPC,11,12,SIR,2C,ALN,THR,18,C1,Mus musculus,10090,http://purl.obolibrary.org/obo/NCBITaxon_10090,UBERON,http://purl.obolibrary.org/obo/UBERON_0001950,UBERON_0001950,E14.5 neocortex ,chr18,54000000,54990180,990180,13453,13.587,A,BB82-FWD,/5Phos/GTATCGTGCAAGGGTGAATGC,SecX-BB278-REV,/SecX/GAGCAGTCACAGTCCAGAAGG,active,chr18,54995000,56335000,1340000,17829,13.306,B,BB81-FWD,/5Phos/ATCCTAGCCCATACGGCAATG,SecX-BB281-REV,/SecX/GGACATGGGTCAGGTAGGTTG,active
20180618_RI516_ncxNPC_11_12_SIR_2C_ALN_THR_18_C2.tif,20180618,RI516,ncxNPC,11,12,SIR,2C,ALN,THR,18,C2,Mus musculus,10090,http://purl.obolibrary.org/obo/NCBITaxon_10090,UBERON,http://purl.obolibrary.org/obo/UBERON_0001950,UBERON_0001950,E14.5 neocortex ,chr18,54000000,54990180,990180,13453,13.587,A,BB82-FWD,/5Phos/GTATCGTGCAAGGGTGAATGC,SecX-BB278-REV,/SecX/GAGCAGTCACAGTCCAGAAGG,active,chr18,54995000,56335000,1340000,17829,13.306,B,BB81-FWD,/5Phos/ATCCTAGCCCATACGGCAATG,SecX-BB281-REV,/SecX/GGACATGGGTCAGGTAGGTTG,active
20180618_RI516_ncxNPC_11_12_SIR_2C_ALN_THR_19_C1.tif,20180618,RI516,ncxNPC,11,12,SIR,2C,ALN,THR,19,C1,Mus musculus,10090,http://purl.obolibrary.org/obo/NCBITaxon_10090,UBERON,http://purl.obolibrary.org/obo/UBERON_0001950,UBERON_0001950,E14.5 neocortex ,chr18,54000000,54990180,990180,13453,13.587,A,BB82-FWD,/5Phos/GTATCGTGCAAGGGTGAATGC,SecX-BB278-REV,/SecX/GAGCAGTCACAGTCCAGAAGG,active,chr18,54995000,56335000,1340000,17829,13.306,B,BB81-FWD,/5Phos/ATCCTAGCCCATACGGCAATG,SecX-BB281-REV,/SecX/GGACATGGGTCAGGTAGGTTG,active
20180618_RI516_ncxNPC_11_12_SIR_2C_ALN_THR_19_C2.tif,20180618,RI516,ncxNPC,11,12,SIR,2C,ALN,THR,19,C2,Mus musculus,10090,http://purl.obolibrary.org/obo/NCBITaxon_10090,UBERON,http://purl.obolibrary.org/obo/UBERON_0001950,UBERON_0001950,E14.5 neocortex ,chr18,54000000,54990180,990180,13453,13.587,A,BB82-FWD,/5Phos/GTATCGTGCAAGGGTGAATGC,SecX-BB278-REV,/SecX/GAGCAGTCACAGTCCAGAAGG,active,chr18,54995000,56335000,1340000,17829,13.306,B,BB81-FWD,/5Phos/ATCCTAGCCCATACGGCAATG,SecX-BB281-REV,/SecX/GGACATGGGTCAGGTAGGTTG,active
20180618_RI516_ncxNPC_11_12_SIR_2C_ALN_THR_1_C1.tif,20180618,RI516,ncxNPC,11,12,SIR,2C,ALN,THR,1,C1,Mus musculus,10090,http://purl.obolibrary.org/obo/NCBITaxon_10090,UBERON,http://purl.obolibrary.org/obo/UBERON_0001950,UBERON_0001950,E14.5 neocortex ,chr18,54000000,54990180,990180,13453,13.587,A,BB82-FWD,/5Phos/GTATCGTGCAAGGGTGAATGC,SecX-BB278-REV,/SecX/GAGCAGTCACAGTCCAGAAGG,active,chr18,54995000,56335000,1340000,17829,13.306,B,BB81-FWD,/5Phos/ATCCTAGCCCATACGGCAATG,SecX-BB281-REV,/SecX/GGACATGGGTCAGGTAGGTTG,active
20180618_RI516_ncxNPC_11_12_SIR_2C_ALN_THR_1_C2.tif,20180618,RI516,ncxNPC,11,12,SIR,2C,ALN,THR,1,C2,Mus musculus,10090,http://purl.obolibrary.org/obo/NCBITaxon_10090,UBERON,http://purl.obolibrary.org/obo/UBERON_0001950,UBERON_0001950,E14.5 neocortex ,chr18,54000000,54990180,990180,13453,13.587,A,BB82-FWD,/5Phos/GTATCGTGCAAGGGTGAATGC,SecX-BB278-REV,/SecX/GAGCAGTCACAGTCCAGAAGG,active,chr18,54995000,56335000,1340000,17829,13.306,B,BB81-FWD,/5Phos/ATCCTAGCCCATACGGCAATG,SecX-BB281-REV,/SecX/GGACATGGGTCAGGTAGGTTG,active
20180618_RI516_ncxNPC_11_12_SIR_2C_ALN_THR_20_C1.tif,20180618,RI516,ncxNPC,11,12,SIR,2C,ALN,THR,20,C1,Mus musculus,10090,http://purl.obolibrary.org/obo/NCBITaxon_10090,UBERON,http://purl.obolibrary.org/obo/UBERON_0001950,UBERON_0001950,E14.5 neocortex ,chr18,54000000,54990180,990180,13453,13.587,A,BB82-FWD,/5Phos/GTATCGTGCAAGGGTGAATGC,SecX-BB278-REV,/SecX/GAGCAGTCACAGTCCAGAAGG,active,chr18,54995000,56335000,1340000,17829,13.306,B,BB81-FWD,/5Phos/ATCCTAGCCCATACGGCAATG,SecX-BB281-REV,/SecX/GGACATGGGTCAGGTAGGTTG,active
20180618_RI516_ncxNPC_11_12_SIR_2C_ALN_THR_20_C2.tif,20180618,RI516,ncxNPC,11,12,SIR,2C,ALN,THR,20,C2,Mus musculus,10090,http://purl.obolibrary.org/obo/NCBITaxon_10090,UBERON,http://purl.obolibrary.org/obo/UBERON_0001950,UBERON_0001950,E14.5 neocortex ,chr18,54000000,54990180,990180,13453,13.587,A,BB82-FWD,/5Phos/GTATCGTGCAAGGGTGAATGC,SecX-BB278-REV,/SecX/GAGCAGTCACAGTCCAGAAGG,active,chr18,54995000,56335000,1340000,17829,13.306,B,BB81-FWD,/5Phos/ATCCTAGCCCATACGGCAATG,SecX-BB281-REV,/SecX/GGACATGGGTCAGGTAGGTTG,active
20180618_RI516_ncxNPC_11_12_SIR_2C_ALN_THR_21_C1.tif,20180618,RI516,ncxNPC,11,12,SIR,2C,ALN,THR,21,C1,Mus musculus,10090,http://purl.obolibrary.org/obo/NCBITaxon_10090,UBERON,http://purl.obolibrary.org/obo/UBERON_0001950,UBERON_0001950,E14.5 neocortex ,chr18,54000000,54990180,990180,13453,13.587,A,BB82-FWD,/5Phos/GTATCGTGCAAGGGTGAATGC,SecX-BB278-REV,/SecX/GAGCAGTCACAGTCCAGAAGG,active,chr18,54995000,56335000,1340000,17829,13.306,B,BB81-FWD,/5Phos/ATCCTAGCCCATACGGCAATG,SecX-BB281-REV,/SecX/GGACATGGGTCAGGTAGGTTG,active
20180618_RI516_ncxNPC_11_12_SIR_2C_ALN_THR_21_C2.tif,20180618,RI516,ncxNPC,11,12,SIR,2C,ALN,THR,21,C2,Mus musculus,10090,http://purl.obolibrary.org/obo/NCBITaxon_10090,UBERON,http://purl.obolibrary.org/obo/UBERON_0001950,UBERON_0001950,E14.5 neocortex ,chr18,54000000,54990180,990180,13453,13.587,A,BB82-FWD,/5Phos/GTATCGTGCAAGGGTGAATGC,SecX-BB278-REV,/SecX/GAGCAGTCACAGTCCAGAAGG,active,chr18,54995000,56335000,1340000,17829,13.306,B,BB81-FWD,/5Phos/ATCCTAGCCCATACGGCAATG,SecX-BB281-REV,/SecX/GGACATGGGTCAGGTAGGTTG,active
20180618_RI516_ncxNPC_11_12_SIR_2C_ALN_THR_22_C1.tif,20180618,RI516,ncxNPC,11,12,SIR,2C,ALN,THR,22,C1,Mus musculus,10090,http://purl.obolibrary.org/obo/NCBITaxon_10090,UBERON,http://purl.obolibrary.org/obo/UBERON_0001950,UBERON_0001950,E14.5 neocortex ,chr18,54000000,54990180,990180,13453,13.587,A,BB82-FWD,/5Phos/GTATCGTGCAAGGGTGAATGC,SecX-BB278-REV,/SecX/GAGCAGTCACAGTCCAGAAGG,active,chr18,54995000,56335000,1340000,17829,13.306,B,BB81-FWD,/5Phos/ATCCTAGCCCATACGGCAATG,SecX-BB281-REV,/SecX/GGACATGGGTCAGGTAGGTTG,active
20180618_RI516_ncxNPC_11_12_SIR_2C_ALN_THR_22_C2.tif,20180618,RI516,ncxNPC,11,12,SIR,2C,ALN,THR,22,C2,Mus musculus,10090,http://purl.obolibrary.org/obo/NCBITaxon_10090,UBERON,http://purl.obolibrary.org/obo/UBERON_0001950,UBERON_0001950,E14.5 neocortex ,chr18,54000000,54990180,990180,13453,13.587,A,BB82-FWD,/5Phos/GTATCGTGCAAGGGTGAATGC,SecX-BB278-REV,/SecX/GAGCAGTCACAGTCCAGAAGG,active,chr18,54995000,56335000,1340000,17829,13.306,B,BB81-FWD,/5Phos/ATCCTAGCCCATACGGCAATG,SecX-BB281-REV,/SecX/GGACATGGGTCAGGTAGGTTG,active
20180618_RI516_ncxNPC_11_12_SIR_2C_ALN_THR_23_C1.tif,20180618,RI516,ncxNPC,11,12,SIR,2C,ALN,THR,23,C1,Mus musculus,10090,http://purl.obolibrary.org/obo/NCBITaxon_10090,UBERON,http://purl.obolibrary.org/obo/UBERON_0001950,UBERON_0001950,E14.5 neocortex ,chr18,54000000,54990180,990180,13453,13.587,A,BB82-FWD,/5Phos/GTATCGTGCAAGGGTGAATGC,SecX-BB278-REV,/SecX/GAGCAGTCACAGTCCAGAAGG,active,chr18,54995000,56335000,1340000,17829,13.306,B,BB81-FWD,/5Phos/ATCCTAGCCCATACGGCAATG,SecX-BB281-REV,/SecX/GGACATGGGTCAGGTAGGTTG,active
20180618_RI516_ncxNPC_11_12_SIR_2C_ALN_THR_23_C2.tif,20180618,RI516,ncxNPC,11,12,SIR,2C,ALN,THR,23,C2,Mus musculus,10090,http://purl.obolibrary.org/obo/NCBITaxon_10090,UBERON,http://purl.obolibrary.org/obo/UBERON_0001950,UBERON_0001950,E14.5 neocortex ,chr18,54000000,54990180,990180,13453,13.587,A,BB82-FWD,/5Phos/GTATCGTGCAAGGGTGAATGC,SecX-BB278-REV,/SecX/GAGCAGTCACAGTCCAGAAGG,active,chr18,54995000,56335000,1340000,17829,13.306,B,BB81-FWD,/5Phos/ATCCTAGCCCATACGGCAATG,SecX-BB281-REV,/SecX/GGACATGGGTCAGGTAGGTTG,active
20180618_RI516_ncxNPC_11_12_SIR_2C_ALN_THR_24_C1.tif,20180618,RI516,ncxNPC,11,12,SIR,2C,ALN,THR,24,C1,Mus musculus,10090,http://purl.obolibrary.org/obo/NCBITaxon_10090,UBERON,http://purl.obolibrary.org/obo/UBERON_0001950,UBERON_0001950,E14.5 neocortex ,chr18,54000000,54990180,990180,13453,13.587,A,BB82-FWD,/5Phos/GTATCGTGCAAGGGTGAATGC,SecX-BB278-REV,/SecX/GAGCAGTCACAGTCCAGAAGG,active,chr18,54995000,56335000,1340000,17829,13.306,B,BB81-FWD,/5Phos/ATCCTAGCCCATACGGCAATG,SecX-BB281-REV,/SecX/GGACATGGGTCAGGTAGGTTG,active
20180618_RI516_ncxNPC_11_12_SIR_2C_ALN_THR_24_C2.tif,20180618,RI516,ncxNPC,11,12,SIR,2C,ALN,THR,24,C2,Mus musculus,10090,http://purl.obolibrary.org/obo/NCBITaxon_10090,UBERON,http://purl.obolibrary.org/obo/UBERON_0001950,UBERON_0001950,E14.5 neocortex ,chr18,54000000,54990180,990180,13453,13.587,A,BB82-FWD,/5Phos/GTATCGTGCAAGGGTGAATGC,SecX-BB278-REV,/SecX/GAGCAGTCACAGTCCAGAAGG,active,chr18,54995000,56335000,1340000,17829,13.306,B,BB81-FWD,/5Phos/ATCCTAGCCCATACGGCAATG,SecX-BB281-REV,/SecX/GGACATGGGTCAGGTAGGTTG,active
20180618_RI516_ncxNPC_11_12_SIR_2C_ALN_THR_25_C1.tif,20180618,RI516,ncxNPC,11,12,SIR,2C,ALN,THR,25,C1,Mus musculus,10090,http://purl.obolibrary.org/obo/NCBITaxon_10090,UBERON,http://purl.obolibrary.org/obo/UBERON_0001950,UBERON_0001950,E14.5 neocortex ,chr18,54000000,54990180,990180,13453,13.587,A,BB82-FWD,/5Phos/GTATCGTGCAAGGGTGAATGC,SecX-BB278-REV,/SecX/GAGCAGTCACAGTCCAGAAGG,active,chr18,54995000,56335000,1340000,17829,13.306,B,BB81-FWD,/5Phos/ATCCTAGCCCATACGGCAATG,SecX-BB281-REV,/SecX/GGACATGGGTCAGGTAGGTTG,active
20180618_RI516_ncxNPC_11_12_SIR_2C_ALN_THR_25_C2.tif,20180618,RI516,ncxNPC,11,12,SIR,2C,ALN,THR,25,C2,Mus musculus,10090,http://purl.obolibrary.org/obo/NCBITaxon_10090,UBERON,http://purl.obolibrary.org/obo/UBERON_0001950,UBERON_0001950,E14.5 neocortex ,chr18,54000000,54990180,990180,13453,13.587,A,BB82-FWD,/5Phos/GTATCGTGCAAGGGTGAATGC,SecX-BB278-REV,/SecX/GAGCAGTCACAGTCCAGAAGG,active,chr18,54995000,56335000,1340000,17829,13.306,B,BB81-FWD,/5Phos/ATCCTAGCCCATACGGCAATG,SecX-BB281-REV,/SecX/GGACATGGGTCAGGTAGGTTG,active
20180618_RI516_ncxNPC_11_12_SIR_2C_ALN_THR_26_C1.tif,20180618,RI516,ncxNPC,11,12,SIR,2C,ALN,THR,26,C1,Mus musculus,10090,http://purl.obolibrary.org/obo/NCBITaxon_10090,UBERON,http://purl.obolibrary.org/obo/UBERON_0001950,UBERON_0001950,E14.5 neocortex ,chr18,54000000,54990180,990180,13453,13.587,A,BB82-FWD,/5Phos/GTATCGTGCAAGGGTGAATGC,SecX-BB278-REV,/SecX/GAGCAGTCACAGTCCAGAAGG,active,chr18,54995000,56335000,1340000,17829,13.306,B,BB81-FWD,/5Phos/ATCCTAGCCCATACGGCAATG,SecX-BB281-REV,/SecX/GGACATGGGTCAGGTAGGTTG,active
20180618_RI516_ncxNPC_11_12_SIR_2C_ALN_THR_26_C2.tif,20180618,RI516,ncxNPC,11,12,SIR,2C,ALN,THR,26,C2,Mus musculus,10090,http://purl.obolibrary.org/obo/NCBITaxon_10090,UBERON,http://purl.obolibrary.org/obo/UBERON_0001950,UBERON_0001950,E14.5 neocortex ,chr18,54000000,54990180,990180,13453,13.587,A,BB82-FWD,/5Phos/GTATCGTGCAAGGGTGAATGC,SecX-BB278-REV,/SecX/GAGCAGTCACAGTCCAGAAGG,active,chr18,54995000,56335000,1340000,17829,13.306,B,BB81-FWD,/5Phos/ATCCTAGCCCATACGGCAATG,SecX-BB281-REV,/SecX/GGACATGGGTCAGGTAGGTTG,active
20180618_RI516_ncxNPC_11_12_SIR_2C_ALN_THR_27_C1.tif,20180618,RI516,ncxNPC,11,12,SIR,2C,ALN,THR,27,C1,Mus musculus,10090,http://purl.obolibrary.org/obo/NCBITaxon_10090,UBERON,http://purl.obolibrary.org/obo/UBERON_0001950,UBERON_0001950,E14.5 neocortex ,chr18,54000000,54990180,990180,13453,13.587,A,BB82-FWD,/5Phos/GTATCGTGCAAGGGTGAATGC,SecX-BB278-REV,/SecX/GAGCAGTCACAGTCCAGAAGG,active,chr18,54995000,56335000,1340000,17829,13.306,B,BB81-FWD,/5Phos/ATCCTAGCCCATACGGCAATG,SecX-BB281-REV,/SecX/GGACATGGGTCAGGTAGGTTG,active
20180618_RI516_ncxNPC_11_12_SIR_2C_ALN_THR_27_C2.tif,20180618,RI516,ncxNPC,11,12,SIR,2C,ALN,THR,27,C2,Mus musculus,10090,http://purl.obolibrary.org/obo/NCBITaxon_10090,UBERON,http://purl.obolibrary.org/obo/UBERON_0001950,UBERON_0001950,E14.5 neocortex ,chr18,54000000,54990180,990180,13453,13.587,A,BB82-FWD,/5Phos/GTATCGTGCAAGGGTGAATGC,SecX-BB278-REV,/SecX/GAGCAGTCACAGTCCAGAAGG,active,chr18,54995000,56335000,1340000,17829,13.306,B,BB81-FWD,/5Phos/ATCCTAGCCCATACGGCAATG,SecX-BB281-REV,/SecX/GGACATGGGTCAGGTAGGTTG,active
20180618_RI516_ncxNPC_11_12_SIR_2C_ALN_THR_28_C1.tif,20180618,RI516,ncxNPC,11,12,SIR,2C,ALN,THR,28,C1,Mus musculus,10090,http://purl.obolibrary.org/obo/NCBITaxon_10090,UBERON,http://purl.obolibrary.org/obo/UBERON_0001950,UBERON_0001950,E14.5 neocortex ,chr18,54000000,54990180,990180,13453,13.587,A,BB82-FWD,/5Phos/GTATCGTGCAAGGGTGAATGC,SecX-BB278-REV,/SecX/GAGCAGTCACAGTCCAGAAGG,active,chr18,54995000,56335000,1340000,17829,13.306,B,BB81-FWD,/5Phos/ATCCTAGCCCATACGGCAATG,SecX-BB281-REV,/SecX/GGACATGGGTCAGGTAGGTTG,active
20180618_RI516_ncxNPC_11_12_SIR_2C_ALN_THR_28_C2.tif,20180618,RI516,ncxNPC,11,12,SIR,2C,ALN,THR,28,C2,Mus musculus,10090,http://purl.obolibrary.org/obo/NCBITaxon_10090,UBERON,http://purl.obolibrary.org/obo/UBERON_0001950,UBERON_0001950,E14.5 neocortex ,chr18,54000000,54990180,990180,13453,13.587,A,BB82-FWD,/5Phos/GTATCGTGCAAGGGTGAATGC,SecX-BB278-REV,/SecX/GAGCAGTCACAGTCCAGAAGG,active,chr18,54995000,56335000,1340000,17829,13.306,B,BB81-FWD,/5Phos/ATCCTAGCCCATACGGCAATG,SecX-BB281-REV,/SecX/GGACATGGGTCAGGTAGGTTG,active
20180618_RI516_ncxNPC_11_12_SIR_2C_ALN_THR_29_C1.tif,20180618,RI516,ncxNPC,11,12,SIR,2C,ALN,THR,29,C1,Mus musculus,10090,http://purl.obolibrary.org/obo/NCBITaxon_10090,UBERON,http://purl.obolibrary.org/obo/UBERON_0001950,UBERON_0001950,E14.5 neocortex ,chr18,54000000,54990180,990180,13453,13.587,A,BB82-FWD,/5Phos/GTATCGTGCAAGGGTGAATGC,SecX-BB278-REV,/SecX/GAGCAGTCACAGTCCAGAAGG,active,chr18,54995000,56335000,1340000,17829,13.306,B,BB81-FWD,/5Phos/ATCCTAGCCCATACGGCAATG,SecX-BB281-REV,/SecX/GGACATGGGTCAGGTAGGTTG,active
20180618_RI516_ncxNPC_11_12_SIR_2C_ALN_THR_29_C2.tif,20180618,RI516,ncxNPC,11,12,SIR,2C,ALN,THR,29,C2,Mus musculus,10090,http://purl.obolibrary.org/obo/NCBITaxon_10090,UBERON,http://purl.obolibrary.org/obo/UBERON_0001950,UBERON_0001950,E14.5 neocortex ,chr18,54000000,54990180,990180,13453,13.587,A,BB82-FWD,/5Phos/GTATCGTGCAAGGGTGAATGC,SecX-BB278-REV,/SecX/GAGCAGTCACAGTCCAGAAGG,active,chr18,54995000,56335000,1340000,17829,13.306,B,BB81-FWD,/5Phos/ATCCTAGCCCATACGGCAATG,SecX-BB281-REV,/SecX/GGACATGGGTCAGGTAGGTTG,active
20180618_RI516_ncxNPC_11_12_SIR_2C_ALN_THR_2_C1.tif,20180618,RI516,ncxNPC,11,12,SIR,2C,ALN,THR,2,C1,Mus musculus,10090,http://purl.obolibrary.org/obo/NCBITaxon_10090,UBERON,http://purl.obolibrary.org/obo/UBERON_0001950,UBERON_0001950,E14.5 neocortex ,chr18,54000000,54990180,990180,13453,13.587,A,BB82-FWD,/5Phos/GTATCGTGCAAGGGTGAATGC,SecX-BB278-REV,/SecX/GAGCAGTCACAGTCCAGAAGG,active,chr18,54995000,56335000,1340000,17829,13.306,B,BB81-FWD,/5Phos/ATCCTAGCCCATACGGCAATG,SecX-BB281-REV,/SecX/GGACATGGGTCAGGTAGGTTG,active
20180618_RI516_ncxNPC_11_12_SIR_2C_ALN_THR_2_C2.tif,20180618,RI516,ncxNPC,11,12,SIR,2C,ALN,THR,2,C2,Mus musculus,10090,http://purl.obolibrary.org/obo/NCBITaxon_10090,UBERON,http://purl.obolibrary.org/obo/UBERON_0001950,UBERON_0001950,E14.5 neocortex ,chr18,54000000,54990180,990180,13453,13.587,A,BB82-FWD,/5Phos/GTATCGTGCAAGGGTGAATGC,SecX-BB278-REV,/SecX/GAGCAGTCACAGTCCAGAAGG,active,chr18,54995000,56335000,1340000,17829,13.306,B,BB81-FWD,/5Phos/ATCCTAGCCCATACGGCAATG,SecX-BB281-REV,/SecX/GGACATGGGTCAGGTAGGTTG,active
20180618_RI516_ncxNPC_11_12_SIR_2C_ALN_THR_30_C1.tif,20180618,RI516,ncxNPC,11,12,SIR,2C,ALN,THR,30,C1,Mus musculus,10090,http://purl.obolibrary.org/obo/NCBITaxon_10090,UBERON,http://purl.obolibrary.org/obo/UBERON_0001950,UBERON_0001950,E14.5 neocortex ,chr18,54000000,54990180,990180,13453,13.587,A,BB82-FWD,/5Phos/GTATCGTGCAAGGGTGAATGC,SecX-BB278-REV,/SecX/GAGCAGTCACAGTCCAGAAGG,active,chr18,54995000,56335000,1340000,17829,13.306,B,BB81-FWD,/5Phos/ATCCTAGCCCATACGGCAATG,SecX-BB281-REV,/SecX/GGACATGGGTCAGGTAGGTTG,active
20180618_RI516_ncxNPC_11_12_SIR_2C_ALN_THR_30_C2.tif,20180618,RI516,ncxNPC,11,12,SIR,2C,ALN,THR,30,C2,Mus musculus,10090,http://purl.obolibrary.org/obo/NCBITaxon_10090,UBERON,http://purl.obolibrary.org/obo/UBERON_0001950,UBERON_0001950,E14.5 neocortex ,chr18,54000000,54990180,990180,13453,13.587,A,BB82-FWD,/5Phos/GTATCGTGCAAGGGTGAATGC,SecX-BB278-REV,/SecX/GAGCAGTCACAGTCCAGAAGG,active,chr18,54995000,56335000,1340000,17829,13.306,B,BB81-FWD,/5Phos/ATCCTAGCCCATACGGCAATG,SecX-BB281-REV,/SecX/GGACATGGGTCAGGTAGGTTG,active
20180618_RI516_ncxNPC_11_12_SIR_2C_ALN_THR_31_C1.tif,20180618,RI516,ncxNPC,11,12,SIR,2C,ALN,THR,31,C1,Mus musculus,10090,http://purl.obolibrary.org/obo/NCBITaxon_10090,UBERON,http://purl.obolibrary.org/obo/UBERON_0001950,UBERON_0001950,E14.5 neocortex ,chr18,54000000,54990180,990180,13453,13.587,A,BB82-FWD,/5Phos/GTATCGTGCAAGGGTGAATGC,SecX-BB278-REV,/SecX/GAGCAGTCACAGTCCAGAAGG,active,chr18,54995000,56335000,1340000,17829,13.306,B,BB81-FWD,/5Phos/ATCCTAGCCCATACGGCAATG,SecX-BB281-REV,/SecX/GGACATGGGTCAGGTAGGTTG,active
20180618_RI516_ncxNPC_11_12_SIR_2C_ALN_THR_31_C2.tif,20180618,RI516,ncxNPC,11,12,SIR,2C,ALN,THR,31,C2,Mus musculus,10090,http://purl.obolibrary.org/obo/NCBITaxon_10090,UBERON,http://purl.obolibrary.org/obo/UBERON_0001950,UBERON_0001950,E14.5 neocortex ,chr18,54000000,54990180,990180,13453,13.587,A,BB82-FWD,/5Phos/GTATCGTGCAAGGGTGAATGC,SecX-BB278-REV,/SecX/GAGCAGTCACAGTCCAGAAGG,active,chr18,54995000,56335000,1340000,17829,13.306,B,BB81-FWD,/5Phos/ATCCTAGCCCATACGGCAATG,SecX-BB281-REV,/SecX/GGACATGGGTCAGGTAGGTTG,active
20180618_RI516_ncxNPC_11_12_SIR_2C_ALN_THR_32_C1.tif,20180618,RI516,ncxNPC,11,12,SIR,2C,ALN,THR,32,C1,Mus musculus,10090,http://purl.obolibrary.org/obo/NCBITaxon_10090,UBERON,http://purl.obolibrary.org/obo/UBERON_0001950,UBERON_0001950,E14.5 neocortex ,chr18,54000000,54990180,990180,13453,13.587,A,BB82-FWD,/5Phos/GTATCGTGCAAGGGTGAATGC,SecX-BB278-REV,/SecX/GAGCAGTCACAGTCCAGAAGG,active,chr18,54995000,56335000,1340000,17829,13.306,B,BB81-FWD,/5Phos/ATCCTAGCCCATACGGCAATG,SecX-BB281-REV,/SecX/GGACATGGGTCAGGTAGGTTG,active
20180618_RI516_ncxNPC_11_12_SIR_2C_ALN_THR_32_C2.tif,20180618,RI516,ncxNPC,11,12,SIR,2C,ALN,THR,32,C2,Mus musculus,10090,http://purl.obolibrary.org/obo/NCBITaxon_10090,UBERON,http://purl.obolibrary.org/obo/UBERON_0001950,UBERON_0001950,E14.5 neocortex ,chr18,54000000,54990180,990180,13453,13.587,A,BB82-FWD,/5Phos/GTATCGTGCAAGGGTGAATGC,SecX-BB278-REV,/SecX/GAGCAGTCACAGTCCAGAAGG,active,chr18,54995000,56335000,1340000,17829,13.306,B,BB81-FWD,/5Phos/ATCCTAGCCCATACGGCAATG,SecX-BB281-REV,/SecX/GGACATGGGTCAGGTAGGTTG,active
20180618_RI516_ncxNPC_11_12_SIR_2C_ALN_THR_33_C1.tif,20180618,RI516,ncxNPC,11,12,SIR,2C,ALN,THR,33,C1,Mus musculus,10090,http://purl.obolibrary.org/obo/NCBITaxon_10090,UBERON,http://purl.obolibrary.org/obo/UBERON_0001950,UBERON_0001950,E14.5 neocortex ,chr18,54000000,54990180,990180,13453,13.587,A,BB82-FWD,/5Phos/GTATCGTGCAAGGGTGAATGC,SecX-BB278-REV,/SecX/GAGCAGTCACAGTCCAGAAGG,active,chr18,54995000,56335000,1340000,17829,13.306,B,BB81-FWD,/5Phos/ATCCTAGCCCATACGGCAATG,SecX-BB281-REV,/SecX/GGACATGGGTCAGGTAGGTTG,active
20180618_RI516_ncxNPC_11_12_SIR_2C_ALN_THR_33_C2.tif,20180618,RI516,ncxNPC,11,12,SIR,2C,ALN,THR,33,C2,Mus musculus,10090,http://purl.obolibrary.org/obo/NCBITaxon_10090,UBERON,http://purl.obolibrary.org/obo/UBERON_0001950,UBERON_0001950,E14.5 neocortex ,chr18,54000000,54990180,990180,13453,13.587,A,BB82-FWD,/5Phos/GTATCGTGCAAGGGTGAATGC,SecX-BB278-REV,/SecX/GAGCAGTCACAGTCCAGAAGG,active,chr18,54995000,56335000,1340000,17829,13.306,B,BB81-FWD,/5Phos/ATCCTAGCCCATACGGCAATG,SecX-BB281-REV,/SecX/GGACATGGGTCAGGTAGGTTG,active
20180618_RI516_ncxNPC_11_12_SIR_2C_ALN_THR_34_C1.tif,20180618,RI516,ncxNPC,11,12,SIR,2C,ALN,THR,34,C1,Mus musculus,10090,http://purl.obolibrary.org/obo/NCBITaxon_10090,UBERON,http://purl.obolibrary.org/obo/UBERON_0001950,UBERON_0001950,E14.5 neocortex ,chr18,54000000,54990180,990180,13453,13.587,A,BB82-FWD,/5Phos/GTATCGTGCAAGGGTGAATGC,SecX-BB278-REV,/SecX/GAGCAGTCACAGTCCAGAAGG,active,chr18,54995000,56335000,1340000,17829,13.306,B,BB81-FWD,/5Phos/ATCCTAGCCCATACGGCAATG,SecX-BB281-REV,/SecX/GGACATGGGTCAGGTAGGTTG,active
20180618_RI516_ncxNPC_11_12_SIR_2C_ALN_THR_34_C2.tif,20180618,RI516,ncxNPC,11,12,SIR,2C,ALN,THR,34,C2,Mus musculus,10090,http://purl.obolibrary.org/obo/NCBITaxon_10090,UBERON,http://purl.obolibrary.org/obo/UBERON_0001950,UBERON_0001950,E14.5 neocortex ,chr18,54000000,54990180,990180,13453,13.587,A,BB82-FWD,/5Phos/GTATCGTGCAAGGGTGAATGC,SecX-BB278-REV,/SecX/GAGCAGTCACAGTCCAGAAGG,active,chr18,54995000,56335000,1340000,17829,13.306,B,BB81-FWD,/5Phos/ATCCTAGCCCATACGGCAATG,SecX-BB281-REV,/SecX/GGACATGGGTCAGGTAGGTTG,active
20180618_RI516_ncxNPC_11_12_SIR_2C_ALN_THR_35_C1.tif,20180618,RI516,ncxNPC,11,12,SIR,2C,ALN,THR,35,C1,Mus musculus,10090,http://purl.obolibrary.org/obo/NCBITaxon_10090,UBERON,http://purl.obolibrary.org/obo/UBERON_0001950,UBERON_0001950,E14.5 neocortex ,chr18,54000000,54990180,990180,13453,13.587,A,BB82-FWD,/5Phos/GTATCGTGCAAGGGTGAATGC,SecX-BB278-REV,/SecX/GAGCAGTCACAGTCCAGAAGG,active,chr18,54995000,56335000,1340000,17829,13.306,B,BB81-FWD,/5Phos/ATCCTAGCCCATACGGCAATG,SecX-BB281-REV,/SecX/GGACATGGGTCAGGTAGGTTG,active
20180618_RI516_ncxNPC_11_12_SIR_2C_ALN_THR_35_C2.tif,20180618,RI516,ncxNPC,11,12,SIR,2C,ALN,THR,35,C2,Mus musculus,10090,http://purl.obolibrary.org/obo/NCBITaxon_10090,UBERON,http://purl.obolibrary.org/obo/UBERON_0001950,UBERON_0001950,E14.5 neocortex ,chr18,54000000,54990180,990180,13453,13.587,A,BB82-FWD,/5Phos/GTATCGTGCAAGGGTGAATGC,SecX-BB278-REV,/SecX/GAGCAGTCACAGTCCAGAAGG,active,chr18,54995000,56335000,1340000,17829,13.306,B,BB81-FWD,/5Phos/ATCCTAGCCCATACGGCAATG,SecX-BB281-REV,/SecX/GGACATGGGTCAGGTAGGTTG,active
20180618_RI516_ncxNPC_11_12_SIR_2C_ALN_THR_36_C1.tif,20180618,RI516,ncxNPC,11,12,SIR,2C,ALN,THR,36,C1,Mus musculus,10090,http://purl.obolibrary.org/obo/NCBITaxon_10090,UBERON,http://purl.obolibrary.org/obo/UBERON_0001950,UBERON_0001950,E14.5 neocortex ,chr18,54000000,54990180,990180,13453,13.587,A,BB82-FWD,/5Phos/GTATCGTGCAAGGGTGAATGC,SecX-BB278-REV,/SecX/GAGCAGTCACAGTCCAGAAGG,active,chr18,54995000,56335000,1340000,17829,13.306,B,BB81-FWD,/5Phos/ATCCTAGCCCATACGGCAATG,SecX-BB281-REV,/SecX/GGACATGGGTCAGGTAGGTTG,active
20180618_RI516_ncxNPC_11_12_SIR_2C_ALN_THR_36_C2.tif,20180618,RI516,ncxNPC,11,12,SIR,2C,ALN,THR,36,C2,Mus musculus,10090,http://purl.obolibrary.org/obo/NCBITaxon_10090,UBERON,http://purl.obolibrary.org/obo/UBERON_0001950,UBERON_0001950,E14.5 neocortex ,chr18,54000000,54990180,990180,13453,13.587,A,BB82-FWD,/5Phos/GTATCGTGCAAGGGTGAATGC,SecX-BB278-REV,/SecX/GAGCAGTCACAGTCCAGAAGG,active,chr18,54995000,56335000,1340000,17829,13.306,B,BB81-FWD,/5Phos/ATCCTAGCCCATACGGCAATG,SecX-BB281-REV,/SecX/GGACATGGGTCAGGTAGGTTG,active
20180618_RI516_ncxNPC_11_12_SIR_2C_ALN_THR_37_C1.tif,20180618,RI516,ncxNPC,11,12,SIR,2C,ALN,THR,37,C1,Mus musculus,10090,http://purl.obolibrary.org/obo/NCBITaxon_10090,UBERON,http://purl.obolibrary.org/obo/UBERON_0001950,UBERON_0001950,E14.5 neocortex ,chr18,54000000,54990180,990180,13453,13.587,A,BB82-FWD,/5Phos/GTATCGTGCAAGGGTGAATGC,SecX-BB278-REV,/SecX/GAGCAGTCACAGTCCAGAAGG,active,chr18,54995000,56335000,1340000,17829,13.306,B,BB81-FWD,/5Phos/ATCCTAGCCCATACGGCAATG,SecX-BB281-REV,/SecX/GGACATGGGTCAGGTAGGTTG,active
20180618_RI516_ncxNPC_11_12_SIR_2C_ALN_THR_37_C2.tif,20180618,RI516,ncxNPC,11,12,SIR,2C,ALN,THR,37,C2,Mus musculus,10090,http://purl.obolibrary.org/obo/NCBITaxon_10090,UBERON,http://purl.obolibrary.org/obo/UBERON_0001950,UBERON_0001950,E14.5 neocortex ,chr18,54000000,54990180,990180,13453,13.587,A,BB82-FWD,/5Phos/GTATCGTGCAAGGGTGAATGC,SecX-BB278-REV,/SecX/GAGCAGTCACAGTCCAGAAGG,active,chr18,54995000,56335000,1340000,17829,13.306,B,BB81-FWD,/5Phos/ATCCTAGCCCATACGGCAATG,SecX-BB281-REV,/SecX/GGACATGGGTCAGGTAGGTTG,active
20180618_RI516_ncxNPC_11_12_SIR_2C_ALN_THR_38_C1.tif,20180618,RI516,ncxNPC,11,12,SIR,2C,ALN,THR,38,C1,Mus musculus,10090,http://purl.obolibrary.org/obo/NCBITaxon_10090,UBERON,http://purl.obolibrary.org/obo/UBERON_0001950,UBERON_0001950,E14.5 neocortex ,chr18,54000000,54990180,990180,13453,13.587,A,BB82-FWD,/5Phos/GTATCGTGCAAGGGTGAATGC,SecX-BB278-REV,/SecX/GAGCAGTCACAGTCCAGAAGG,active,chr18,54995000,56335000,1340000,17829,13.306,B,BB81-FWD,/5Phos/ATCCTAGCCCATACGGCAATG,SecX-BB281-REV,/SecX/GGACATGGGTCAGGTAGGTTG,active
20180618_RI516_ncxNPC_11_12_SIR_2C_ALN_THR_38_C2.tif,20180618,RI516,ncxNPC,11,12,SIR,2C,ALN,THR,38,C2,Mus musculus,10090,http://purl.obolibrary.org/obo/NCBITaxon_10090,UBERON,http://purl.obolibrary.org/obo/UBERON_0001950,UBERON_0001950,E14.5 neocortex ,chr18,54000000,54990180,990180,13453,13.587,A,BB82-FWD,/5Phos/GTATCGTGCAAGGGTGAATGC,SecX-BB278-REV,/SecX/GAGCAGTCACAGTCCAGAAGG,active,chr18,54995000,56335000,1340000,17829,13.306,B,BB81-FWD,/5Phos/ATCCTAGCCCATACGGCAATG,SecX-BB281-REV,/SecX/GGACATGGGTCAGGTAGGTTG,active
20180618_RI516_ncxNPC_11_12_SIR_2C_ALN_THR_39_C1.tif,20180618,RI516,ncxNPC,11,12,SIR,2C,ALN,THR,39,C1,Mus musculus,10090,http://purl.obolibrary.org/obo/NCBITaxon_10090,UBERON,http://purl.obolibrary.org/obo/UBERON_0001950,UBERON_0001950,E14.5 neocortex ,chr18,54000000,54990180,990180,13453,13.587,A,BB82-FWD,/5Phos/GTATCGTGCAAGGGTGAATGC,SecX-BB278-REV,/SecX/GAGCAGTCACAGTCCAGAAGG,active,chr18,54995000,56335000,1340000,17829,13.306,B,BB81-FWD,/5Phos/ATCCTAGCCCATACGGCAATG,SecX-BB281-REV,/SecX/GGACATGGGTCAGGTAGGTTG,active
20180618_RI516_ncxNPC_11_12_SIR_2C_ALN_THR_39_C2.tif,20180618,RI516,ncxNPC,11,12,SIR,2C,ALN,THR,39,C2,Mus musculus,10090,http://purl.obolibrary.org/obo/NCBITaxon_10090,UBERON,http://purl.obolibrary.org/obo/UBERON_0001950,UBERON_0001950,E14.5 neocortex ,chr18,54000000,54990180,990180,13453,13.587,A,BB82-FWD,/5Phos/GTATCGTGCAAGGGTGAATGC,SecX-BB278-REV,/SecX/GAGCAGTCACAGTCCAGAAGG,active,chr18,54995000,56335000,1340000,17829,13.306,B,BB81-FWD,/5Phos/ATCCTAGCCCATACGGCAATG,SecX-BB281-REV,/SecX/GGACATGGGTCAGGTAGGTTG,active
20180618_RI516_ncxNPC_11_12_SIR_2C_ALN_THR_3_C1.tif,20180618,RI516,ncxNPC,11,12,SIR,2C,ALN,THR,3,C1,Mus musculus,10090,http://purl.obolibrary.org/obo/NCBITaxon_10090,UBERON,http://purl.obolibrary.org/obo/UBERON_0001950,UBERON_0001950,E14.5 neocortex ,chr18,54000000,54990180,990180,13453,13.587,A,BB82-FWD,/5Phos/GTATCGTGCAAGGGTGAATGC,SecX-BB278-REV,/SecX/GAGCAGTCACAGTCCAGAAGG,active,chr18,54995000,56335000,1340000,17829,13.306,B,BB81-FWD,/5Phos/ATCCTAGCCCATACGGCAATG,SecX-BB281-REV,/SecX/GGACATGGGTCAGGTAGGTTG,active
20180618_RI516_ncxNPC_11_12_SIR_2C_ALN_THR_3_C2.tif,20180618,RI516,ncxNPC,11,12,SIR,2C,ALN,THR,3,C2,Mus musculus,10090,http://purl.obolibrary.org/obo/NCBITaxon_10090,UBERON,http://purl.obolibrary.org/obo/UBERON_0001950,UBERON_0001950,E14.5 neocortex ,chr18,54000000,54990180,990180,13453,13.587,A,BB82-FWD,/5Phos/GTATCGTGCAAGGGTGAATGC,SecX-BB278-REV,/SecX/GAGCAGTCACAGTCCAGAAGG,active,chr18,54995000,56335000,1340000,17829,13.306,B,BB81-FWD,/5Phos/ATCCTAGCCCATACGGCAATG,SecX-BB281-REV,/SecX/GGACATGGGTCAGGTAGGTTG,active
20180618_RI516_ncxNPC_11_12_SIR_2C_ALN_THR_40_C1.tif,20180618,RI516,ncxNPC,11,12,SIR,2C,ALN,THR,40,C1,Mus musculus,10090,http://purl.obolibrary.org/obo/NCBITaxon_10090,UBERON,http://purl.obolibrary.org/obo/UBERON_0001950,UBERON_0001950,E14.5 neocortex ,chr18,54000000,54990180,990180,13453,13.587,A,BB82-FWD,/5Phos/GTATCGTGCAAGGGTGAATGC,SecX-BB278-REV,/SecX/GAGCAGTCACAGTCCAGAAGG,active,chr18,54995000,56335000,1340000,17829,13.306,B,BB81-FWD,/5Phos/ATCCTAGCCCATACGGCAATG,SecX-BB281-REV,/SecX/GGACATGGGTCAGGTAGGTTG,active
20180618_RI516_ncxNPC_11_12_SIR_2C_ALN_THR_40_C2.tif,20180618,RI516,ncxNPC,11,12,SIR,2C,ALN,THR,40,C2,Mus musculus,10090,http://purl.obolibrary.org/obo/NCBITaxon_10090,UBERON,http://purl.obolibrary.org/obo/UBERON_0001950,UBERON_0001950,E14.5 neocortex ,chr18,54000000,54990180,990180,13453,13.587,A,BB82-FWD,/5Phos/GTATCGTGCAAGGGTGAATGC,SecX-BB278-REV,/SecX/GAGCAGTCACAGTCCAGAAGG,active,chr18,54995000,56335000,1340000,17829,13.306,B,BB81-FWD,/5Phos/ATCCTAGCCCATACGGCAATG,SecX-BB281-REV,/SecX/GGACATGGGTCAGGTAGGTTG,active
20180618_RI516_ncxNPC_11_12_SIR_2C_ALN_THR_41_C1.tif,20180618,RI516,ncxNPC,11,12,SIR,2C,ALN,THR,41,C1,Mus musculus,10090,http://purl.obolibrary.org/obo/NCBITaxon_10090,UBERON,http://purl.obolibrary.org/obo/UBERON_0001950,UBERON_0001950,E14.5 neocortex ,chr18,54000000,54990180,990180,13453,13.587,A,BB82-FWD,/5Phos/GTATCGTGCAAGGGTGAATGC,SecX-BB278-REV,/SecX/GAGCAGTCACAGTCCAGAAGG,active,chr18,54995000,56335000,1340000,17829,13.306,B,BB81-FWD,/5Phos/ATCCTAGCCCATACGGCAATG,SecX-BB281-REV,/SecX/GGACATGGGTCAGGTAGGTTG,active
20180618_RI516_ncxNPC_11_12_SIR_2C_ALN_THR_41_C2.tif,20180618,RI516,ncxNPC,11,12,SIR,2C,ALN,THR,41,C2,Mus musculus,10090,http://purl.obolibrary.org/obo/NCBITaxon_10090,UBERON,http://purl.obolibrary.org/obo/UBERON_0001950,UBERON_0001950,E14.5 neocortex ,chr18,54000000,54990180,990180,13453,13.587,A,BB82-FWD,/5Phos/GTATCGTGCAAGGGTGAATGC,SecX-BB278-REV,/SecX/GAGCAGTCACAGTCCAGAAGG,active,chr18,54995000,56335000,1340000,17829,13.306,B,BB81-FWD,/5Phos/ATCCTAGCCCATACGGCAATG,SecX-BB281-REV,/SecX/GGACATGGGTCAGGTAGGTTG,active
20180618_RI516_ncxNPC_11_12_SIR_2C_ALN_THR_42_C1.tif,20180618,RI516,ncxNPC,11,12,SIR,2C,ALN,THR,42,C1,Mus musculus,10090,http://purl.obolibrary.org/obo/NCBITaxon_10090,UBERON,http://purl.obolibrary.org/obo/UBERON_0001950,UBERON_0001950,E14.5 neocortex ,chr18,54000000,54990180,990180,13453,13.587,A,BB82-FWD,/5Phos/GTATCGTGCAAGGGTGAATGC,SecX-BB278-REV,/SecX/GAGCAGTCACAGTCCAGAAGG,active,chr18,54995000,56335000,1340000,17829,13.306,B,BB81-FWD,/5Phos/ATCCTAGCCCATACGGCAATG,SecX-BB281-REV,/SecX/GGACATGGGTCAGGTAGGTTG,active
20180618_RI516_ncxNPC_11_12_SIR_2C_ALN_THR_42_C2.tif,20180618,RI516,ncxNPC,11,12,SIR,2C,ALN,THR,42,C2,Mus musculus,10090,http://purl.obolibrary.org/obo/NCBITaxon_10090,UBERON,http://purl.obolibrary.org/obo/UBERON_0001950,UBERON_0001950,E14.5 neocortex ,chr18,54000000,54990180,990180,13453,13.587,A,BB82-FWD,/5Phos/GTATCGTGCAAGGGTGAATGC,SecX-BB278-REV,/SecX/GAGCAGTCACAGTCCAGAAGG,active,chr18,54995000,56335000,1340000,17829,13.306,B,BB81-FWD,/5Phos/ATCCTAGCCCATACGGCAATG,SecX-BB281-REV,/SecX/GGACATGGGTCAGGTAGGTTG,active
20180618_RI516_ncxNPC_11_12_SIR_2C_ALN_THR_43_C1.tif,20180618,RI516,ncxNPC,11,12,SIR,2C,ALN,THR,43,C1,Mus musculus,10090,http://purl.obolibrary.org/obo/NCBITaxon_10090,UBERON,http://purl.obolibrary.org/obo/UBERON_0001950,UBERON_0001950,E14.5 neocortex ,chr18,54000000,54990180,990180,13453,13.587,A,BB82-FWD,/5Phos/GTATCGTGCAAGGGTGAATGC,SecX-BB278-REV,/SecX/GAGCAGTCACAGTCCAGAAGG,active,chr18,54995000,56335000,1340000,17829,13.306,B,BB81-FWD,/5Phos/ATCCTAGCCCATACGGCAATG,SecX-BB281-REV,/SecX/GGACATGGGTCAGGTAGGTTG,active
20180618_RI516_ncxNPC_11_12_SIR_2C_ALN_THR_43_C2.tif,20180618,RI516,ncxNPC,11,12,SIR,2C,ALN,THR,43,C2,Mus musculus,10090,http://purl.obolibrary.org/obo/NCBITaxon_10090,UBERON,http://purl.obolibrary.org/obo/UBERON_0001950,UBERON_0001950,E14.5 neocortex ,chr18,54000000,54990180,990180,13453,13.587,A,BB82-FWD,/5Phos/GTATCGTGCAAGGGTGAATGC,SecX-BB278-REV,/SecX/GAGCAGTCACAGTCCAGAAGG,active,chr18,54995000,56335000,1340000,17829,13.306,B,BB81-FWD,/5Phos/ATCCTAGCCCATACGGCAATG,SecX-BB281-REV,/SecX/GGACATGGGTCAGGTAGGTTG,active
20180618_RI516_ncxNPC_11_12_SIR_2C_ALN_THR_44_C1.tif,20180618,RI516,ncxNPC,11,12,SIR,2C,ALN,THR,44,C1,Mus musculus,10090,http://purl.obolibrary.org/obo/NCBITaxon_10090,UBERON,http://purl.obolibrary.org/obo/UBERON_0001950,UBERON_0001950,E14.5 neocortex ,chr18,54000000,54990180,990180,13453,13.587,A,BB82-FWD,/5Phos/GTATCGTGCAAGGGTGAATGC,SecX-BB278-REV,/SecX/GAGCAGTCACAGTCCAGAAGG,active,chr18,54995000,56335000,1340000,17829,13.306,B,BB81-FWD,/5Phos/ATCCTAGCCCATACGGCAATG,SecX-BB281-REV,/SecX/GGACATGGGTCAGGTAGGTTG,active
20180618_RI516_ncxNPC_11_12_SIR_2C_ALN_THR_44_C2.tif,20180618,RI516,ncxNPC,11,12,SIR,2C,ALN,THR,44,C2,Mus musculus,10090,http://purl.obolibrary.org/obo/NCBITaxon_10090,UBERON,http://purl.obolibrary.org/obo/UBERON_0001950,UBERON_0001950,E14.5 neocortex ,chr18,54000000,54990180,990180,13453,13.587,A,BB82-FWD,/5Phos/GTATCGTGCAAGGGTGAATGC,SecX-BB278-REV,/SecX/GAGCAGTCACAGTCCAGAAGG,active,chr18,54995000,56335000,1340000,17829,13.306,B,BB81-FWD,/5Phos/ATCCTAGCCCATACGGCAATG,SecX-BB281-REV,/SecX/GGACATGGGTCAGGTAGGTTG,active
20180618_RI516_ncxNPC_11_12_SIR_2C_ALN_THR_45_C1.tif,20180618,RI516,ncxNPC,11,12,SIR,2C,ALN,THR,45,C1,Mus musculus,10090,http://purl.obolibrary.org/obo/NCBITaxon_10090,UBERON,http://purl.obolibrary.org/obo/UBERON_0001950,UBERON_0001950,E14.5 neocortex ,chr18,54000000,54990180,990180,13453,13.587,A,BB82-FWD,/5Phos/GTATCGTGCAAGGGTGAATGC,SecX-BB278-REV,/SecX/GAGCAGTCACAGTCCAGAAGG,active,chr18,54995000,56335000,1340000,17829,13.306,B,BB81-FWD,/5Phos/ATCCTAGCCCATACGGCAATG,SecX-BB281-REV,/SecX/GGACATGGGTCAGGTAGGTTG,active
20180618_RI516_ncxNPC_11_12_SIR_2C_ALN_THR_45_C2.tif,20180618,RI516,ncxNPC,11,12,SIR,2C,ALN,THR,45,C2,Mus musculus,10090,http://purl.obolibrary.org/obo/NCBITaxon_10090,UBERON,http://purl.obolibrary.org/obo/UBERON_0001950,UBERON_0001950,E14.5 neocortex ,chr18,54000000,54990180,990180,13453,13.587,A,BB82-FWD,/5Phos/GTATCGTGCAAGGGTGAATGC,SecX-BB278-REV,/SecX/GAGCAGTCACAGTCCAGAAGG,active,chr18,54995000,56335000,1340000,17829,13.306,B,BB81-FWD,/5Phos/ATCCTAGCCCATACGGCAATG,SecX-BB281-REV,/SecX/GGACATGGGTCAGGTAGGTTG,active
20180618_RI516_ncxNPC_11_12_SIR_2C_ALN_THR_46_C1.tif,20180618,RI516,ncxNPC,11,12,SIR,2C,ALN,THR,46,C1,Mus musculus,10090,http://purl.obolibrary.org/obo/NCBITaxon_10090,UBERON,http://purl.obolibrary.org/obo/UBERON_0001950,UBERON_0001950,E14.5 neocortex ,chr18,54000000,54990180,990180,13453,13.587,A,BB82-FWD,/5Phos/GTATCGTGCAAGGGTGAATGC,SecX-BB278-REV,/SecX/GAGCAGTCACAGTCCAGAAGG,active,chr18,54995000,56335000,1340000,17829,13.306,B,BB81-FWD,/5Phos/ATCCTAGCCCATACGGCAATG,SecX-BB281-REV,/SecX/GGACATGGGTCAGGTAGGTTG,active
20180618_RI516_ncxNPC_11_12_SIR_2C_ALN_THR_46_C2.tif,20180618,RI516,ncxNPC,11,12,SIR,2C,ALN,THR,46,C2,Mus musculus,10090,http://purl.obolibrary.org/obo/NCBITaxon_10090,UBERON,http://purl.obolibrary.org/obo/UBERON_0001950,UBERON_0001950,E14.5 neocortex ,chr18,54000000,54990180,990180,13453,13.587,A,BB82-FWD,/5Phos/GTATCGTGCAAGGGTGAATGC,SecX-BB278-REV,/SecX/GAGCAGTCACAGTCCAGAAGG,active,chr18,54995000,56335000,1340000,17829,13.306,B,BB81-FWD,/5Phos/ATCCTAGCCCATACGGCAATG,SecX-BB281-REV,/SecX/GGACATGGGTCAGGTAGGTTG,active
20180618_RI516_ncxNPC_11_12_SIR_2C_ALN_THR_47_C1.tif,20180618,RI516,ncxNPC,11,12,SIR,2C,ALN,THR,47,C1,Mus musculus,10090,http://purl.obolibrary.org/obo/NCBITaxon_10090,UBERON,http://purl.obolibrary.org/obo/UBERON_0001950,UBERON_0001950,E14.5 neocortex ,chr18,54000000,54990180,990180,13453,13.587,A,BB82-FWD,/5Phos/GTATCGTGCAAGGGTGAATGC,SecX-BB278-REV,/SecX/GAGCAGTCACAGTCCAGAAGG,active,chr18,54995000,56335000,1340000,17829,13.306,B,BB81-FWD,/5Phos/ATCCTAGCCCATACGGCAATG,SecX-BB281-REV,/SecX/GGACATGGGTCAGGTAGGTTG,active
20180618_RI516_ncxNPC_11_12_SIR_2C_ALN_THR_47_C2.tif,20180618,RI516,ncxNPC,11,12,SIR,2C,ALN,THR,47,C2,Mus musculus,10090,http://purl.obolibrary.org/obo/NCBITaxon_10090,UBERON,http://purl.obolibrary.org/obo/UBERON_0001950,UBERON_0001950,E14.5 neocortex ,chr18,54000000,54990180,990180,13453,13.587,A,BB82-FWD,/5Phos/GTATCGTGCAAGGGTGAATGC,SecX-BB278-REV,/SecX/GAGCAGTCACAGTCCAGAAGG,active,chr18,54995000,56335000,1340000,17829,13.306,B,BB81-FWD,/5Phos/ATCCTAGCCCATACGGCAATG,SecX-BB281-REV,/SecX/GGACATGGGTCAGGTAGGTTG,active
20180618_RI516_ncxNPC_11_12_SIR_2C_ALN_THR_48_C1.tif,20180618,RI516,ncxNPC,11,12,SIR,2C,ALN,THR,48,C1,Mus musculus,10090,http://purl.obolibrary.org/obo/NCBITaxon_10090,UBERON,http://purl.obolibrary.org/obo/UBERON_0001950,UBERON_0001950,E14.5 neocortex ,chr18,54000000,54990180,990180,13453,13.587,A,BB82-FWD,/5Phos/GTATCGTGCAAGGGTGAATGC,SecX-BB278-REV,/SecX/GAGCAGTCACAGTCCAGAAGG,active,chr18,54995000,56335000,1340000,17829,13.306,B,BB81-FWD,/5Phos/ATCCTAGCCCATACGGCAATG,SecX-BB281-REV,/SecX/GGACATGGGTCAGGTAGGTTG,active
20180618_RI516_ncxNPC_11_12_SIR_2C_ALN_THR_48_C2.tif,20180618,RI516,ncxNPC,11,12,SIR,2C,ALN,THR,48,C2,Mus musculus,10090,http://purl.obolibrary.org/obo/NCBITaxon_10090,UBERON,http://purl.obolibrary.org/obo/UBERON_0001950,UBERON_0001950,E14.5 neocortex ,chr18,54000000,54990180,990180,13453,13.587,A,BB82-FWD,/5Phos/GTATCGTGCAAGGGTGAATGC,SecX-BB278-REV,/SecX/GAGCAGTCACAGTCCAGAAGG,active,chr18,54995000,56335000,1340000,17829,13.306,B,BB81-FWD,/5Phos/ATCCTAGCCCATACGGCAATG,SecX-BB281-REV,/SecX/GGACATGGGTCAGGTAGGTTG,active
20180618_RI516_ncxNPC_11_12_SIR_2C_ALN_THR_49_C1.tif,20180618,RI516,ncxNPC,11,12,SIR,2C,ALN,THR,49,C1,Mus musculus,10090,http://purl.obolibrary.org/obo/NCBITaxon_10090,UBERON,http://purl.obolibrary.org/obo/UBERON_0001950,UBERON_0001950,E14.5 neocortex ,chr18,54000000,54990180,990180,13453,13.587,A,BB82-FWD,/5Phos/GTATCGTGCAAGGGTGAATGC,SecX-BB278-REV,/SecX/GAGCAGTCACAGTCCAGAAGG,active,chr18,54995000,56335000,1340000,17829,13.306,B,BB81-FWD,/5Phos/ATCCTAGCCCATACGGCAATG,SecX-BB281-REV,/SecX/GGACATGGGTCAGGTAGGTTG,active
20180618_RI516_ncxNPC_11_12_SIR_2C_ALN_THR_49_C2.tif,20180618,RI516,ncxNPC,11,12,SIR,2C,ALN,THR,49,C2,Mus musculus,10090,http://purl.obolibrary.org/obo/NCBITaxon_10090,UBERON,http://purl.obolibrary.org/obo/UBERON_0001950,UBERON_0001950,E14.5 neocortex ,chr18,54000000,54990180,990180,13453,13.587,A,BB82-FWD,/5Phos/GTATCGTGCAAGGGTGAATGC,SecX-BB278-REV,/SecX/GAGCAGTCACAGTCCAGAAGG,active,chr18,54995000,56335000,1340000,17829,13.306,B,BB81-FWD,/5Phos/ATCCTAGCCCATACGGCAATG,SecX-BB281-REV,/SecX/GGACATGGGTCAGGTAGGTTG,active
20180618_RI516_ncxNPC_11_12_SIR_2C_ALN_THR_4_C1.tif,20180618,RI516,ncxNPC,11,12,SIR,2C,ALN,THR,4,C1,Mus musculus,10090,http://purl.obolibrary.org/obo/NCBITaxon_10090,UBERON,http://purl.obolibrary.org/obo/UBERON_0001950,UBERON_0001950,E14.5 neocortex ,chr18,54000000,54990180,990180,13453,13.587,A,BB82-FWD,/5Phos/GTATCGTGCAAGGGTGAATGC,SecX-BB278-REV,/SecX/GAGCAGTCACAGTCCAGAAGG,active,chr18,54995000,56335000,1340000,17829,13.306,B,BB81-FWD,/5Phos/ATCCTAGCCCATACGGCAATG,SecX-BB281-REV,/SecX/GGACATGGGTCAGGTAGGTTG,active
20180618_RI516_ncxNPC_11_12_SIR_2C_ALN_THR_4_C2.tif,20180618,RI516,ncxNPC,11,12,SIR,2C,ALN,THR,4,C2,Mus musculus,10090,http://purl.obolibrary.org/obo/NCBITaxon_10090,UBERON,http://purl.obolibrary.org/obo/UBERON_0001950,UBERON_0001950,E14.5 neocortex ,chr18,54000000,54990180,990180,13453,13.587,A,BB82-FWD,/5Phos/GTATCGTGCAAGGGTGAATGC,SecX-BB278-REV,/SecX/GAGCAGTCACAGTCCAGAAGG,active,chr18,54995000,56335000,1340000,17829,13.306,B,BB81-FWD,/5Phos/ATCCTAGCCCATACGGCAATG,SecX-BB281-REV,/SecX/GGACATGGGTCAGGTAGGTTG,active
20180618_RI516_ncxNPC_11_12_SIR_2C_ALN_THR_5_C1.tif,20180618,RI516,ncxNPC,11,12,SIR,2C,ALN,THR,5,C1,Mus musculus,10090,http://purl.obolibrary.org/obo/NCBITaxon_10090,UBERON,http://purl.obolibrary.org/obo/UBERON_0001950,UBERON_0001950,E14.5 neocortex ,chr18,54000000,54990180,990180,13453,13.587,A,BB82-FWD,/5Phos/GTATCGTGCAAGGGTGAATGC,SecX-BB278-REV,/SecX/GAGCAGTCACAGTCCAGAAGG,active,chr18,54995000,56335000,1340000,17829,13.306,B,BB81-FWD,/5Phos/ATCCTAGCCCATACGGCAATG,SecX-BB281-REV,/SecX/GGACATGGGTCAGGTAGGTTG,active
20180618_RI516_ncxNPC_11_12_SIR_2C_ALN_THR_5_C2.tif,20180618,RI516,ncxNPC,11,12,SIR,2C,ALN,THR,5,C2,Mus musculus,10090,http://purl.obolibrary.org/obo/NCBITaxon_10090,UBERON,http://purl.obolibrary.org/obo/UBERON_0001950,UBERON_0001950,E14.5 neocortex ,chr18,54000000,54990180,990180,13453,13.587,A,BB82-FWD,/5Phos/GTATCGTGCAAGGGTGAATGC,SecX-BB278-REV,/SecX/GAGCAGTCACAGTCCAGAAGG,active,chr18,54995000,56335000,1340000,17829,13.306,B,BB81-FWD,/5Phos/ATCCTAGCCCATACGGCAATG,SecX-BB281-REV,/SecX/GGACATGGGTCAGGTAGGTTG,active
20180618_RI516_ncxNPC_11_12_SIR_2C_ALN_THR_6_C1.tif,20180618,RI516,ncxNPC,11,12,SIR,2C,ALN,THR,6,C1,Mus musculus,10090,http://purl.obolibrary.org/obo/NCBITaxon_10090,UBERON,http://purl.obolibrary.org/obo/UBERON_0001950,UBERON_0001950,E14.5 neocortex ,chr18,54000000,54990180,990180,13453,13.587,A,BB82-FWD,/5Phos/GTATCGTGCAAGGGTGAATGC,SecX-BB278-REV,/SecX/GAGCAGTCACAGTCCAGAAGG,active,chr18,54995000,56335000,1340000,17829,13.306,B,BB81-FWD,/5Phos/ATCCTAGCCCATACGGCAATG,SecX-BB281-REV,/SecX/GGACATGGGTCAGGTAGGTTG,active
20180618_RI516_ncxNPC_11_12_SIR_2C_ALN_THR_6_C2.tif,20180618,RI516,ncxNPC,11,12,SIR,2C,ALN,THR,6,C2,Mus musculus,10090,http://purl.obolibrary.org/obo/NCBITaxon_10090,UBERON,http://purl.obolibrary.org/obo/UBERON_0001950,UBERON_0001950,E14.5 neocortex ,chr18,54000000,54990180,990180,13453,13.587,A,BB82-FWD,/5Phos/GTATCGTGCAAGGGTGAATGC,SecX-BB278-REV,/SecX/GAGCAGTCACAGTCCAGAAGG,active,chr18,54995000,56335000,1340000,17829,13.306,B,BB81-FWD,/5Phos/ATCCTAGCCCATACGGCAATG,SecX-BB281-REV,/SecX/GGACATGGGTCAGGTAGGTTG,active
20180618_RI516_ncxNPC_11_12_SIR_2C_ALN_THR_7_C1.tif,20180618,RI516,ncxNPC,11,12,SIR,2C,ALN,THR,7,C1,Mus musculus,10090,http://purl.obolibrary.org/obo/NCBITaxon_10090,UBERON,http://purl.obolibrary.org/obo/UBERON_0001950,UBERON_0001950,E14.5 neocortex ,chr18,54000000,54990180,990180,13453,13.587,A,BB82-FWD,/5Phos/GTATCGTGCAAGGGTGAATGC,SecX-BB278-REV,/SecX/GAGCAGTCACAGTCCAGAAGG,active,chr18,54995000,56335000,1340000,17829,13.306,B,BB81-FWD,/5Phos/ATCCTAGCCCATACGGCAATG,SecX-BB281-REV,/SecX/GGACATGGGTCAGGTAGGTTG,active
20180618_RI516_ncxNPC_11_12_SIR_2C_ALN_THR_7_C2.tif,20180618,RI516,ncxNPC,11,12,SIR,2C,ALN,THR,7,C2,Mus musculus,10090,http://purl.obolibrary.org/obo/NCBITaxon_10090,UBERON,http://purl.obolibrary.org/obo/UBERON_0001950,UBERON_0001950,E14.5 neocortex ,chr18,54000000,54990180,990180,13453,13.587,A,BB82-FWD,/5Phos/GTATCGTGCAAGGGTGAATGC,SecX-BB278-REV,/SecX/GAGCAGTCACAGTCCAGAAGG,active,chr18,54995000,56335000,1340000,17829,13.306,B,BB81-FWD,/5Phos/ATCCTAGCCCATACGGCAATG,SecX-BB281-REV,/SecX/GGACATGGGTCAGGTAGGTTG,active
20180618_RI516_ncxNPC_11_12_SIR_2C_ALN_THR_8_C1.tif,20180618,RI516,ncxNPC,11,12,SIR,2C,ALN,THR,8,C1,Mus musculus,10090,http://purl.obolibrary.org/obo/NCBITaxon_10090,UBERON,http://purl.obolibrary.org/obo/UBERON_0001950,UBERON_0001950,E14.5 neocortex ,chr18,54000000,54990180,990180,13453,13.587,A,BB82-FWD,/5Phos/GTATCGTGCAAGGGTGAATGC,SecX-BB278-REV,/SecX/GAGCAGTCACAGTCCAGAAGG,active,chr18,54995000,56335000,1340000,17829,13.306,B,BB81-FWD,/5Phos/ATCCTAGCCCATACGGCAATG,SecX-BB281-REV,/SecX/GGACATGGGTCAGGTAGGTTG,active
20180618_RI516_ncxNPC_11_12_SIR_2C_ALN_THR_8_C2.tif,20180618,RI516,ncxNPC,11,12,SIR,2C,ALN,THR,8,C2,Mus musculus,10090,http://purl.obolibrary.org/obo/NCBITaxon_10090,UBERON,http://purl.obolibrary.org/obo/UBERON_0001950,UBERON_0001950,E14.5 neocortex ,chr18,54000000,54990180,990180,13453,13.587,A,BB82-FWD,/5Phos/GTATCGTGCAAGGGTGAATGC,SecX-BB278-REV,/SecX/GAGCAGTCACAGTCCAGAAGG,active,chr18,54995000,56335000,1340000,17829,13.306,B,BB81-FWD,/5Phos/ATCCTAGCCCATACGGCAATG,SecX-BB281-REV,/SecX/GGACATGGGTCAGGTAGGTTG,active
20180618_RI516_ncxNPC_11_12_SIR_2C_ALN_THR_9_C1.tif,20180618,RI516,ncxNPC,11,12,SIR,2C,ALN,THR,9,C1,Mus musculus,10090,http://purl.obolibrary.org/obo/NCBITaxon_10090,UBERON,http://purl.obolibrary.org/obo/UBERON_0001950,UBERON_0001950,E14.5 neocortex ,chr18,54000000,54990180,990180,13453,13.587,A,BB82-FWD,/5Phos/GTATCGTGCAAGGGTGAATGC,SecX-BB278-REV,/SecX/GAGCAGTCACAGTCCAGAAGG,active,chr18,54995000,56335000,1340000,17829,13.306,B,BB81-FWD,/5Phos/ATCCTAGCCCATACGGCAATG,SecX-BB281-REV,/SecX/GGACATGGGTCAGGTAGGTTG,active
20180618_RI516_ncxNPC_11_12_SIR_2C_ALN_THR_9_C2.tif,20180618,RI516,ncxNPC,11,12,SIR,2C,ALN,THR,9,C2,Mus musculus,10090,http://purl.obolibrary.org/obo/NCBITaxon_10090,UBERON,http://purl.obolibrary.org/obo/UBERON_0001950,UBERON_0001950,E14.5 neocortex ,chr18,54000000,54990180,990180,13453,13.587,A,BB82-FWD,/5Phos/GTATCGTGCAAGGGTGAATGC,SecX-BB278-REV,/SecX/GAGCAGTCACAGTCCAGAAGG,active,chr18,54995000,56335000,1340000,17829,13.306,B,BB81-FWD,/5Phos/ATCCTAGCCCATACGGCAATG,SecX-BB281-REV,/SecX/GGACATGGGTCAGGTAGGTTG,active
20180809_RI516_ncxNPC_22_21_SIR_2C_ALN_THR_10_C1.tif,20180809,RI516,ncxNPC,22,21,SIR,2C,ALN,THR,10,C1,Mus musculus,10090,http://purl.obolibrary.org/obo/NCBITaxon_10090,UBERON,http://purl.obolibrary.org/obo/UBERON_0001950,UBERON_0001950,E14.5 neocortex ,chr8,43355000,44030000,675000,6124,9.074,D,BB293-FWD,/5Phos/CCGAGTCTAGCGTCTCCTCTG,SecX-BB294-REV,/SecX/AACAGAGCCAGCCTCTACCTG,repressed,chr8,42540000,43275000,735000,7664,10.428,C,BB287-FWD,/5Phos/CGCTCGGTCTCCGTTCGTCTC,SecX-BB288-REV,/SecX/GGGCTAGGTACAGGGTTCAGC,repressed
20180809_RI516_ncxNPC_22_21_SIR_2C_ALN_THR_10_C2.tif,20180809,RI516,ncxNPC,22,21,SIR,2C,ALN,THR,10,C2,Mus musculus,10090,http://purl.obolibrary.org/obo/NCBITaxon_10090,UBERON,http://purl.obolibrary.org/obo/UBERON_0001950,UBERON_0001950,E14.5 neocortex ,chr8,43355000,44030000,675000,6124,9.074,D,BB293-FWD,/5Phos/CCGAGTCTAGCGTCTCCTCTG,SecX-BB294-REV,/SecX/AACAGAGCCAGCCTCTACCTG,repressed,chr8,42540000,43275000,735000,7664,10.428,C,BB287-FWD,/5Phos/CGCTCGGTCTCCGTTCGTCTC,SecX-BB288-REV,/SecX/GGGCTAGGTACAGGGTTCAGC,repressed
20180809_RI516_ncxNPC_22_21_SIR_2C_ALN_THR_11_C1.tif,20180809,RI516,ncxNPC,22,21,SIR,2C,ALN,THR,11,C1,Mus musculus,10090,http://purl.obolibrary.org/obo/NCBITaxon_10090,UBERON,http://purl.obolibrary.org/obo/UBERON_0001950,UBERON_0001950,E14.5 neocortex ,chr8,43355000,44030000,675000,6124,9.074,D,BB293-FWD,/5Phos/CCGAGTCTAGCGTCTCCTCTG,SecX-BB294-REV,/SecX/AACAGAGCCAGCCTCTACCTG,repressed,chr8,42540000,43275000,735000,7664,10.428,C,BB287-FWD,/5Phos/CGCTCGGTCTCCGTTCGTCTC,SecX-BB288-REV,/SecX/GGGCTAGGTACAGGGTTCAGC,repressed
20180809_RI516_ncxNPC_22_21_SIR_2C_ALN_THR_11_C2.tif,20180809,RI516,ncxNPC,22,21,SIR,2C,ALN,THR,11,C2,Mus musculus,10090,http://purl.obolibrary.org/obo/NCBITaxon_10090,UBERON,http://purl.obolibrary.org/obo/UBERON_0001950,UBERON_0001950,E14.5 neocortex ,chr8,43355000,44030000,675000,6124,9.074,D,BB293-FWD,/5Phos/CCGAGTCTAGCGTCTCCTCTG,SecX-BB294-REV,/SecX/AACAGAGCCAGCCTCTACCTG,repressed,chr8,42540000,43275000,735000,7664,10.428,C,BB287-FWD,/5Phos/CGCTCGGTCTCCGTTCGTCTC,SecX-BB288-REV,/SecX/GGGCTAGGTACAGGGTTCAGC,repressed
20180809_RI516_ncxNPC_22_21_SIR_2C_ALN_THR_12_C1.tif,20180809,RI516,ncxNPC,22,21,SIR,2C,ALN,THR,12,C1,Mus musculus,10090,http://purl.obolibrary.org/obo/NCBITaxon_10090,UBERON,http://purl.obolibrary.org/obo/UBERON_0001950,UBERON_0001950,E14.5 neocortex ,chr8,43355000,44030000,675000,6124,9.074,D,BB293-FWD,/5Phos/CCGAGTCTAGCGTCTCCTCTG,SecX-BB294-REV,/SecX/AACAGAGCCAGCCTCTACCTG,repressed,chr8,42540000,43275000,735000,7664,10.428,C,BB287-FWD,/5Phos/CGCTCGGTCTCCGTTCGTCTC,SecX-BB288-REV,/SecX/GGGCTAGGTACAGGGTTCAGC,repressed
20180809_RI516_ncxNPC_22_21_SIR_2C_ALN_THR_12_C2.tif,20180809,RI516,ncxNPC,22,21,SIR,2C,ALN,THR,12,C2,Mus musculus,10090,http://purl.obolibrary.org/obo/NCBITaxon_10090,UBERON,http://purl.obolibrary.org/obo/UBERON_0001950,UBERON_0001950,E14.5 neocortex ,chr8,43355000,44030000,675000,6124,9.074,D,BB293-FWD,/5Phos/CCGAGTCTAGCGTCTCCTCTG,SecX-BB294-REV,/SecX/AACAGAGCCAGCCTCTACCTG,repressed,chr8,42540000,43275000,735000,7664,10.428,C,BB287-FWD,/5Phos/CGCTCGGTCTCCGTTCGTCTC,SecX-BB288-REV,/SecX/GGGCTAGGTACAGGGTTCAGC,repressed
20180809_RI516_ncxNPC_22_21_SIR_2C_ALN_THR_13_C1.tif,20180809,RI516,ncxNPC,22,21,SIR,2C,ALN,THR,13,C1,Mus musculus,10090,http://purl.obolibrary.org/obo/NCBITaxon_10090,UBERON,http://purl.obolibrary.org/obo/UBERON_0001950,UBERON_0001950,E14.5 neocortex ,chr8,43355000,44030000,675000,6124,9.074,D,BB293-FWD,/5Phos/CCGAGTCTAGCGTCTCCTCTG,SecX-BB294-REV,/SecX/AACAGAGCCAGCCTCTACCTG,repressed,chr8,42540000,43275000,735000,7664,10.428,C,BB287-FWD,/5Phos/CGCTCGGTCTCCGTTCGTCTC,SecX-BB288-REV,/SecX/GGGCTAGGTACAGGGTTCAGC,repressed
20180809_RI516_ncxNPC_22_21_SIR_2C_ALN_THR_13_C2.tif,20180809,RI516,ncxNPC,22,21,SIR,2C,ALN,THR,13,C2,Mus musculus,10090,http://purl.obolibrary.org/obo/NCBITaxon_10090,UBERON,http://purl.obolibrary.org/obo/UBERON_0001950,UBERON_0001950,E14.5 neocortex ,chr8,43355000,44030000,675000,6124,9.074,D,BB293-FWD,/5Phos/CCGAGTCTAGCGTCTCCTCTG,SecX-BB294-REV,/SecX/AACAGAGCCAGCCTCTACCTG,repressed,chr8,42540000,43275000,735000,7664,10.428,C,BB287-FWD,/5Phos/CGCTCGGTCTCCGTTCGTCTC,SecX-BB288-REV,/SecX/GGGCTAGGTACAGGGTTCAGC,repressed
20180809_RI516_ncxNPC_22_21_SIR_2C_ALN_THR_14_C1.tif,20180809,RI516,ncxNPC,22,21,SIR,2C,ALN,THR,14,C1,Mus musculus,10090,http://purl.obolibrary.org/obo/NCBITaxon_10090,UBERON,http://purl.obolibrary.org/obo/UBERON_0001950,UBERON_0001950,E14.5 neocortex ,chr8,43355000,44030000,675000,6124,9.074,D,BB293-FWD,/5Phos/CCGAGTCTAGCGTCTCCTCTG,SecX-BB294-REV,/SecX/AACAGAGCCAGCCTCTACCTG,repressed,chr8,42540000,43275000,735000,7664,10.428,C,BB287-FWD,/5Phos/CGCTCGGTCTCCGTTCGTCTC,SecX-BB288-REV,/SecX/GGGCTAGGTACAGGGTTCAGC,repressed
20180809_RI516_ncxNPC_22_21_SIR_2C_ALN_THR_14_C2.tif,20180809,RI516,ncxNPC,22,21,SIR,2C,ALN,THR,14,C2,Mus musculus,10090,http://purl.obolibrary.org/obo/NCBITaxon_10090,UBERON,http://purl.obolibrary.org/obo/UBERON_0001950,UBERON_0001950,E14.5 neocortex ,chr8,43355000,44030000,675000,6124,9.074,D,BB293-FWD,/5Phos/CCGAGTCTAGCGTCTCCTCTG,SecX-BB294-REV,/SecX/AACAGAGCCAGCCTCTACCTG,repressed,chr8,42540000,43275000,735000,7664,10.428,C,BB287-FWD,/5Phos/CGCTCGGTCTCCGTTCGTCTC,SecX-BB288-REV,/SecX/GGGCTAGGTACAGGGTTCAGC,repressed
20180809_RI516_ncxNPC_22_21_SIR_2C_ALN_THR_15_C1.tif,20180809,RI516,ncxNPC,22,21,SIR,2C,ALN,THR,15,C1,Mus musculus,10090,http://purl.obolibrary.org/obo/NCBITaxon_10090,UBERON,http://purl.obolibrary.org/obo/UBERON_0001950,UBERON_0001950,E14.5 neocortex ,chr8,43355000,44030000,675000,6124,9.074,D,BB293-FWD,/5Phos/CCGAGTCTAGCGTCTCCTCTG,SecX-BB294-REV,/SecX/AACAGAGCCAGCCTCTACCTG,repressed,chr8,42540000,43275000,735000,7664,10.428,C,BB287-FWD,/5Phos/CGCTCGGTCTCCGTTCGTCTC,SecX-BB288-REV,/SecX/GGGCTAGGTACAGGGTTCAGC,repressed
20180809_RI516_ncxNPC_22_21_SIR_2C_ALN_THR_15_C2.tif,20180809,RI516,ncxNPC,22,21,SIR,2C,ALN,THR,15,C2,Mus musculus,10090,http://purl.obolibrary.org/obo/NCBITaxon_10090,UBERON,http://purl.obolibrary.org/obo/UBERON_0001950,UBERON_0001950,E14.5 neocortex ,chr8,43355000,44030000,675000,6124,9.074,D,BB293-FWD,/5Phos/CCGAGTCTAGCGTCTCCTCTG,SecX-BB294-REV,/SecX/AACAGAGCCAGCCTCTACCTG,repressed,chr8,42540000,43275000,735000,7664,10.428,C,BB287-FWD,/5Phos/CGCTCGGTCTCCGTTCGTCTC,SecX-BB288-REV,/SecX/GGGCTAGGTACAGGGTTCAGC,repressed
20180809_RI516_ncxNPC_22_21_SIR_2C_ALN_THR_16_C1.tif,20180809,RI516,ncxNPC,22,21,SIR,2C,ALN,THR,16,C1,Mus musculus,10090,http://purl.obolibrary.org/obo/NCBITaxon_10090,UBERON,http://purl.obolibrary.org/obo/UBERON_0001950,UBERON_0001950,E14.5 neocortex ,chr8,43355000,44030000,675000,6124,9.074,D,BB293-FWD,/5Phos/CCGAGTCTAGCGTCTCCTCTG,SecX-BB294-REV,/SecX/AACAGAGCCAGCCTCTACCTG,repressed,chr8,42540000,43275000,735000,7664,10.428,C,BB287-FWD,/5Phos/CGCTCGGTCTCCGTTCGTCTC,SecX-BB288-REV,/SecX/GGGCTAGGTACAGGGTTCAGC,repressed
20180809_RI516_ncxNPC_22_21_SIR_2C_ALN_THR_16_C2.tif,20180809,RI516,ncxNPC,22,21,SIR,2C,ALN,THR,16,C2,Mus musculus,10090,http://purl.obolibrary.org/obo/NCBITaxon_10090,UBERON,http://purl.obolibrary.org/obo/UBERON_0001950,UBERON_0001950,E14.5 neocortex ,chr8,43355000,44030000,675000,6124,9.074,D,BB293-FWD,/5Phos/CCGAGTCTAGCGTCTCCTCTG,SecX-BB294-REV,/SecX/AACAGAGCCAGCCTCTACCTG,repressed,chr8,42540000,43275000,735000,7664,10.428,C,BB287-FWD,/5Phos/CGCTCGGTCTCCGTTCGTCTC,SecX-BB288-REV,/SecX/GGGCTAGGTACAGGGTTCAGC,repressed
20180809_RI516_ncxNPC_22_21_SIR_2C_ALN_THR_17_C1.tif,20180809,RI516,ncxNPC,22,21,SIR,2C,ALN,THR,17,C1,Mus musculus,10090,http://purl.obolibrary.org/obo/NCBITaxon_10090,UBERON,http://purl.obolibrary.org/obo/UBERON_0001950,UBERON_0001950,E14.5 neocortex ,chr8,43355000,44030000,675000,6124,9.074,D,BB293-FWD,/5Phos/CCGAGTCTAGCGTCTCCTCTG,SecX-BB294-REV,/SecX/AACAGAGCCAGCCTCTACCTG,repressed,chr8,42540000,43275000,735000,7664,10.428,C,BB287-FWD,/5Phos/CGCTCGGTCTCCGTTCGTCTC,SecX-BB288-REV,/SecX/GGGCTAGGTACAGGGTTCAGC,repressed
20180809_RI516_ncxNPC_22_21_SIR_2C_ALN_THR_17_C2.tif,20180809,RI516,ncxNPC,22,21,SIR,2C,ALN,THR,17,C2,Mus musculus,10090,http://purl.obolibrary.org/obo/NCBITaxon_10090,UBERON,http://purl.obolibrary.org/obo/UBERON_0001950,UBERON_0001950,E14.5 neocortex ,chr8,43355000,44030000,675000,6124,9.074,D,BB293-FWD,/5Phos/CCGAGTCTAGCGTCTCCTCTG,SecX-BB294-REV,/SecX/AACAGAGCCAGCCTCTACCTG,repressed,chr8,42540000,43275000,735000,7664,10.428,C,BB287-FWD,/5Phos/CGCTCGGTCTCCGTTCGTCTC,SecX-BB288-REV,/SecX/GGGCTAGGTACAGGGTTCAGC,repressed
20180809_RI516_ncxNPC_22_21_SIR_2C_ALN_THR_18_C1.tif,20180809,RI516,ncxNPC,22,21,SIR,2C,ALN,THR,18,C1,Mus musculus,10090,http://purl.obolibrary.org/obo/NCBITaxon_10090,UBERON,http://purl.obolibrary.org/obo/UBERON_0001950,UBERON_0001950,E14.5 neocortex ,chr8,43355000,44030000,675000,6124,9.074,D,BB293-FWD,/5Phos/CCGAGTCTAGCGTCTCCTCTG,SecX-BB294-REV,/SecX/AACAGAGCCAGCCTCTACCTG,repressed,chr8,42540000,43275000,735000,7664,10.428,C,BB287-FWD,/5Phos/CGCTCGGTCTCCGTTCGTCTC,SecX-BB288-REV,/SecX/GGGCTAGGTACAGGGTTCAGC,repressed
20180809_RI516_ncxNPC_22_21_SIR_2C_ALN_THR_18_C2.tif,20180809,RI516,ncxNPC,22,21,SIR,2C,ALN,THR,18,C2,Mus musculus,10090,http://purl.obolibrary.org/obo/NCBITaxon_10090,UBERON,http://purl.obolibrary.org/obo/UBERON_0001950,UBERON_0001950,E14.5 neocortex ,chr8,43355000,44030000,675000,6124,9.074,D,BB293-FWD,/5Phos/CCGAGTCTAGCGTCTCCTCTG,SecX-BB294-REV,/SecX/AACAGAGCCAGCCTCTACCTG,repressed,chr8,42540000,43275000,735000,7664,10.428,C,BB287-FWD,/5Phos/CGCTCGGTCTCCGTTCGTCTC,SecX-BB288-REV,/SecX/GGGCTAGGTACAGGGTTCAGC,repressed
20180809_RI516_ncxNPC_22_21_SIR_2C_ALN_THR_19_C1.tif,20180809,RI516,ncxNPC,22,21,SIR,2C,ALN,THR,19,C1,Mus musculus,10090,http://purl.obolibrary.org/obo/NCBITaxon_10090,UBERON,http://purl.obolibrary.org/obo/UBERON_0001950,UBERON_0001950,E14.5 neocortex ,chr8,43355000,44030000,675000,6124,9.074,D,BB293-FWD,/5Phos/CCGAGTCTAGCGTCTCCTCTG,SecX-BB294-REV,/SecX/AACAGAGCCAGCCTCTACCTG,repressed,chr8,42540000,43275000,735000,7664,10.428,C,BB287-FWD,/5Phos/CGCTCGGTCTCCGTTCGTCTC,SecX-BB288-REV,/SecX/GGGCTAGGTACAGGGTTCAGC,repressed
20180809_RI516_ncxNPC_22_21_SIR_2C_ALN_THR_19_C2.tif,20180809,RI516,ncxNPC,22,21,SIR,2C,ALN,THR,19,C2,Mus musculus,10090,http://purl.obolibrary.org/obo/NCBITaxon_10090,UBERON,http://purl.obolibrary.org/obo/UBERON_0001950,UBERON_0001950,E14.5 neocortex ,chr8,43355000,44030000,675000,6124,9.074,D,BB293-FWD,/5Phos/CCGAGTCTAGCGTCTCCTCTG,SecX-BB294-REV,/SecX/AACAGAGCCAGCCTCTACCTG,repressed,chr8,42540000,43275000,735000,7664,10.428,C,BB287-FWD,/5Phos/CGCTCGGTCTCCGTTCGTCTC,SecX-BB288-REV,/SecX/GGGCTAGGTACAGGGTTCAGC,repressed
20180809_RI516_ncxNPC_22_21_SIR_2C_ALN_THR_1_C1.tif,20180809,RI516,ncxNPC,22,21,SIR,2C,ALN,THR,1,C1,Mus musculus,10090,http://purl.obolibrary.org/obo/NCBITaxon_10090,UBERON,http://purl.obolibrary.org/obo/UBERON_0001950,UBERON_0001950,E14.5 neocortex ,chr8,43355000,44030000,675000,6124,9.074,D,BB293-FWD,/5Phos/CCGAGTCTAGCGTCTCCTCTG,SecX-BB294-REV,/SecX/AACAGAGCCAGCCTCTACCTG,repressed,chr8,42540000,43275000,735000,7664,10.428,C,BB287-FWD,/5Phos/CGCTCGGTCTCCGTTCGTCTC,SecX-BB288-REV,/SecX/GGGCTAGGTACAGGGTTCAGC,repressed
20180809_RI516_ncxNPC_22_21_SIR_2C_ALN_THR_1_C2.tif,20180809,RI516,ncxNPC,22,21,SIR,2C,ALN,THR,1,C2,Mus musculus,10090,http://purl.obolibrary.org/obo/NCBITaxon_10090,UBERON,http://purl.obolibrary.org/obo/UBERON_0001950,UBERON_0001950,E14.5 neocortex ,chr8,43355000,44030000,675000,6124,9.074,D,BB293-FWD,/5Phos/CCGAGTCTAGCGTCTCCTCTG,SecX-BB294-REV,/SecX/AACAGAGCCAGCCTCTACCTG,repressed,chr8,42540000,43275000,735000,7664,10.428,C,BB287-FWD,/5Phos/CGCTCGGTCTCCGTTCGTCTC,SecX-BB288-REV,/SecX/GGGCTAGGTACAGGGTTCAGC,repressed
20180809_RI516_ncxNPC_22_21_SIR_2C_ALN_THR_20_C1.tif,20180809,RI516,ncxNPC,22,21,SIR,2C,ALN,THR,20,C1,Mus musculus,10090,http://purl.obolibrary.org/obo/NCBITaxon_10090,UBERON,http://purl.obolibrary.org/obo/UBERON_0001950,UBERON_0001950,E14.5 neocortex ,chr8,43355000,44030000,675000,6124,9.074,D,BB293-FWD,/5Phos/CCGAGTCTAGCGTCTCCTCTG,SecX-BB294-REV,/SecX/AACAGAGCCAGCCTCTACCTG,repressed,chr8,42540000,43275000,735000,7664,10.428,C,BB287-FWD,/5Phos/CGCTCGGTCTCCGTTCGTCTC,SecX-BB288-REV,/SecX/GGGCTAGGTACAGGGTTCAGC,repressed
20180809_RI516_ncxNPC_22_21_SIR_2C_ALN_THR_20_C2.tif,20180809,RI516,ncxNPC,22,21,SIR,2C,ALN,THR,20,C2,Mus musculus,10090,http://purl.obolibrary.org/obo/NCBITaxon_10090,UBERON,http://purl.obolibrary.org/obo/UBERON_0001950,UBERON_0001950,E14.5 neocortex ,chr8,43355000,44030000,675000,6124,9.074,D,BB293-FWD,/5Phos/CCGAGTCTAGCGTCTCCTCTG,SecX-BB294-REV,/SecX/AACAGAGCCAGCCTCTACCTG,repressed,chr8,42540000,43275000,735000,7664,10.428,C,BB287-FWD,/5Phos/CGCTCGGTCTCCGTTCGTCTC,SecX-BB288-REV,/SecX/GGGCTAGGTACAGGGTTCAGC,repressed
20180809_RI516_ncxNPC_22_21_SIR_2C_ALN_THR_21_C1.tif,20180809,RI516,ncxNPC,22,21,SIR,2C,ALN,THR,21,C1,Mus musculus,10090,http://purl.obolibrary.org/obo/NCBITaxon_10090,UBERON,http://purl.obolibrary.org/obo/UBERON_0001950,UBERON_0001950,E14.5 neocortex ,chr8,43355000,44030000,675000,6124,9.074,D,BB293-FWD,/5Phos/CCGAGTCTAGCGTCTCCTCTG,SecX-BB294-REV,/SecX/AACAGAGCCAGCCTCTACCTG,repressed,chr8,42540000,43275000,735000,7664,10.428,C,BB287-FWD,/5Phos/CGCTCGGTCTCCGTTCGTCTC,SecX-BB288-REV,/SecX/GGGCTAGGTACAGGGTTCAGC,repressed
20180809_RI516_ncxNPC_22_21_SIR_2C_ALN_THR_21_C2.tif,20180809,RI516,ncxNPC,22,21,SIR,2C,ALN,THR,21,C2,Mus musculus,10090,http://purl.obolibrary.org/obo/NCBITaxon_10090,UBERON,http://purl.obolibrary.org/obo/UBERON_0001950,UBERON_0001950,E14.5 neocortex ,chr8,43355000,44030000,675000,6124,9.074,D,BB293-FWD,/5Phos/CCGAGTCTAGCGTCTCCTCTG,SecX-BB294-REV,/SecX/AACAGAGCCAGCCTCTACCTG,repressed,chr8,42540000,43275000,735000,7664,10.428,C,BB287-FWD,/5Phos/CGCTCGGTCTCCGTTCGTCTC,SecX-BB288-REV,/SecX/GGGCTAGGTACAGGGTTCAGC,repressed
20180809_RI516_ncxNPC_22_21_SIR_2C_ALN_THR_22_C1.tif,20180809,RI516,ncxNPC,22,21,SIR,2C,ALN,THR,22,C1,Mus musculus,10090,http://purl.obolibrary.org/obo/NCBITaxon_10090,UBERON,http://purl.obolibrary.org/obo/UBERON_0001950,UBERON_0001950,E14.5 neocortex ,chr8,43355000,44030000,675000,6124,9.074,D,BB293-FWD,/5Phos/CCGAGTCTAGCGTCTCCTCTG,SecX-BB294-REV,/SecX/AACAGAGCCAGCCTCTACCTG,repressed,chr8,42540000,43275000,735000,7664,10.428,C,BB287-FWD,/5Phos/CGCTCGGTCTCCGTTCGTCTC,SecX-BB288-REV,/SecX/GGGCTAGGTACAGGGTTCAGC,repressed
20180809_RI516_ncxNPC_22_21_SIR_2C_ALN_THR_22_C2.tif,20180809,RI516,ncxNPC,22,21,SIR,2C,ALN,THR,22,C2,Mus musculus,10090,http://purl.obolibrary.org/obo/NCBITaxon_10090,UBERON,http://purl.obolibrary.org/obo/UBERON_0001950,UBERON_0001950,E14.5 neocortex ,chr8,43355000,44030000,675000,6124,9.074,D,BB293-FWD,/5Phos/CCGAGTCTAGCGTCTCCTCTG,SecX-BB294-REV,/SecX/AACAGAGCCAGCCTCTACCTG,repressed,chr8,42540000,43275000,735000,7664,10.428,C,BB287-FWD,/5Phos/CGCTCGGTCTCCGTTCGTCTC,SecX-BB288-REV,/SecX/GGGCTAGGTACAGGGTTCAGC,repressed
20180809_RI516_ncxNPC_22_21_SIR_2C_ALN_THR_23_C1.tif,20180809,RI516,ncxNPC,22,21,SIR,2C,ALN,THR,23,C1,Mus musculus,10090,http://purl.obolibrary.org/obo/NCBITaxon_10090,UBERON,http://purl.obolibrary.org/obo/UBERON_0001950,UBERON_0001950,E14.5 neocortex ,chr8,43355000,44030000,675000,6124,9.074,D,BB293-FWD,/5Phos/CCGAGTCTAGCGTCTCCTCTG,SecX-BB294-REV,/SecX/AACAGAGCCAGCCTCTACCTG,repressed,chr8,42540000,43275000,735000,7664,10.428,C,BB287-FWD,/5Phos/CGCTCGGTCTCCGTTCGTCTC,SecX-BB288-REV,/SecX/GGGCTAGGTACAGGGTTCAGC,repressed
20180809_RI516_ncxNPC_22_21_SIR_2C_ALN_THR_23_C2.tif,20180809,RI516,ncxNPC,22,21,SIR,2C,ALN,THR,23,C2,Mus musculus,10090,http://purl.obolibrary.org/obo/NCBITaxon_10090,UBERON,http://purl.obolibrary.org/obo/UBERON_0001950,UBERON_0001950,E14.5 neocortex ,chr8,43355000,44030000,675000,6124,9.074,D,BB293-FWD,/5Phos/CCGAGTCTAGCGTCTCCTCTG,SecX-BB294-REV,/SecX/AACAGAGCCAGCCTCTACCTG,repressed,chr8,42540000,43275000,735000,7664,10.428,C,BB287-FWD,/5Phos/CGCTCGGTCTCCGTTCGTCTC,SecX-BB288-REV,/SecX/GGGCTAGGTACAGGGTTCAGC,repressed
20180809_RI516_ncxNPC_22_21_SIR_2C_ALN_THR_24_C1.tif,20180809,RI516,ncxNPC,22,21,SIR,2C,ALN,THR,24,C1,Mus musculus,10090,http://purl.obolibrary.org/obo/NCBITaxon_10090,UBERON,http://purl.obolibrary.org/obo/UBERON_0001950,UBERON_0001950,E14.5 neocortex ,chr8,43355000,44030000,675000,6124,9.074,D,BB293-FWD,/5Phos/CCGAGTCTAGCGTCTCCTCTG,SecX-BB294-REV,/SecX/AACAGAGCCAGCCTCTACCTG,repressed,chr8,42540000,43275000,735000,7664,10.428,C,BB287-FWD,/5Phos/CGCTCGGTCTCCGTTCGTCTC,SecX-BB288-REV,/SecX/GGGCTAGGTACAGGGTTCAGC,repressed
20180809_RI516_ncxNPC_22_21_SIR_2C_ALN_THR_24_C2.tif,20180809,RI516,ncxNPC,22,21,SIR,2C,ALN,THR,24,C2,Mus musculus,10090,http://purl.obolibrary.org/obo/NCBITaxon_10090,UBERON,http://purl.obolibrary.org/obo/UBERON_0001950,UBERON_0001950,E14.5 neocortex ,chr8,43355000,44030000,675000,6124,9.074,D,BB293-FWD,/5Phos/CCGAGTCTAGCGTCTCCTCTG,SecX-BB294-REV,/SecX/AACAGAGCCAGCCTCTACCTG,repressed,chr8,42540000,43275000,735000,7664,10.428,C,BB287-FWD,/5Phos/CGCTCGGTCTCCGTTCGTCTC,SecX-BB288-REV,/SecX/GGGCTAGGTACAGGGTTCAGC,repressed
20180809_RI516_ncxNPC_22_21_SIR_2C_ALN_THR_25_C1.tif,20180809,RI516,ncxNPC,22,21,SIR,2C,ALN,THR,25,C1,Mus musculus,10090,http://purl.obolibrary.org/obo/NCBITaxon_10090,UBERON,http://purl.obolibrary.org/obo/UBERON_0001950,UBERON_0001950,E14.5 neocortex ,chr8,43355000,44030000,675000,6124,9.074,D,BB293-FWD,/5Phos/CCGAGTCTAGCGTCTCCTCTG,SecX-BB294-REV,/SecX/AACAGAGCCAGCCTCTACCTG,repressed,chr8,42540000,43275000,735000,7664,10.428,C,BB287-FWD,/5Phos/CGCTCGGTCTCCGTTCGTCTC,SecX-BB288-REV,/SecX/GGGCTAGGTACAGGGTTCAGC,repressed
20180809_RI516_ncxNPC_22_21_SIR_2C_ALN_THR_25_C2.tif,20180809,RI516,ncxNPC,22,21,SIR,2C,ALN,THR,25,C2,Mus musculus,10090,http://purl.obolibrary.org/obo/NCBITaxon_10090,UBERON,http://purl.obolibrary.org/obo/UBERON_0001950,UBERON_0001950,E14.5 neocortex ,chr8,43355000,44030000,675000,6124,9.074,D,BB293-FWD,/5Phos/CCGAGTCTAGCGTCTCCTCTG,SecX-BB294-REV,/SecX/AACAGAGCCAGCCTCTACCTG,repressed,chr8,42540000,43275000,735000,7664,10.428,C,BB287-FWD,/5Phos/CGCTCGGTCTCCGTTCGTCTC,SecX-BB288-REV,/SecX/GGGCTAGGTACAGGGTTCAGC,repressed
20180809_RI516_ncxNPC_22_21_SIR_2C_ALN_THR_26_C1.tif,20180809,RI516,ncxNPC,22,21,SIR,2C,ALN,THR,26,C1,Mus musculus,10090,http://purl.obolibrary.org/obo/NCBITaxon_10090,UBERON,http://purl.obolibrary.org/obo/UBERON_0001950,UBERON_0001950,E14.5 neocortex ,chr8,43355000,44030000,675000,6124,9.074,D,BB293-FWD,/5Phos/CCGAGTCTAGCGTCTCCTCTG,SecX-BB294-REV,/SecX/AACAGAGCCAGCCTCTACCTG,repressed,chr8,42540000,43275000,735000,7664,10.428,C,BB287-FWD,/5Phos/CGCTCGGTCTCCGTTCGTCTC,SecX-BB288-REV,/SecX/GGGCTAGGTACAGGGTTCAGC,repressed
20180809_RI516_ncxNPC_22_21_SIR_2C_ALN_THR_26_C2.tif,20180809,RI516,ncxNPC,22,21,SIR,2C,ALN,THR,26,C2,Mus musculus,10090,http://purl.obolibrary.org/obo/NCBITaxon_10090,UBERON,http://purl.obolibrary.org/obo/UBERON_0001950,UBERON_0001950,E14.5 neocortex ,chr8,43355000,44030000,675000,6124,9.074,D,BB293-FWD,/5Phos/CCGAGTCTAGCGTCTCCTCTG,SecX-BB294-REV,/SecX/AACAGAGCCAGCCTCTACCTG,repressed,chr8,42540000,43275000,735000,7664,10.428,C,BB287-FWD,/5Phos/CGCTCGGTCTCCGTTCGTCTC,SecX-BB288-REV,/SecX/GGGCTAGGTACAGGGTTCAGC,repressed
20180809_RI516_ncxNPC_22_21_SIR_2C_ALN_THR_27_C1.tif,20180809,RI516,ncxNPC,22,21,SIR,2C,ALN,THR,27,C1,Mus musculus,10090,http://purl.obolibrary.org/obo/NCBITaxon_10090,UBERON,http://purl.obolibrary.org/obo/UBERON_0001950,UBERON_0001950,E14.5 neocortex ,chr8,43355000,44030000,675000,6124,9.074,D,BB293-FWD,/5Phos/CCGAGTCTAGCGTCTCCTCTG,SecX-BB294-REV,/SecX/AACAGAGCCAGCCTCTACCTG,repressed,chr8,42540000,43275000,735000,7664,10.428,C,BB287-FWD,/5Phos/CGCTCGGTCTCCGTTCGTCTC,SecX-BB288-REV,/SecX/GGGCTAGGTACAGGGTTCAGC,repressed
20180809_RI516_ncxNPC_22_21_SIR_2C_ALN_THR_27_C2.tif,20180809,RI516,ncxNPC,22,21,SIR,2C,ALN,THR,27,C2,Mus musculus,10090,http://purl.obolibrary.org/obo/NCBITaxon_10090,UBERON,http://purl.obolibrary.org/obo/UBERON_0001950,UBERON_0001950,E14.5 neocortex ,chr8,43355000,44030000,675000,6124,9.074,D,BB293-FWD,/5Phos/CCGAGTCTAGCGTCTCCTCTG,SecX-BB294-REV,/SecX/AACAGAGCCAGCCTCTACCTG,repressed,chr8,42540000,43275000,735000,7664,10.428,C,BB287-FWD,/5Phos/CGCTCGGTCTCCGTTCGTCTC,SecX-BB288-REV,/SecX/GGGCTAGGTACAGGGTTCAGC,repressed
20180809_RI516_ncxNPC_22_21_SIR_2C_ALN_THR_28_C1.tif,20180809,RI516,ncxNPC,22,21,SIR,2C,ALN,THR,28,C1,Mus musculus,10090,http://purl.obolibrary.org/obo/NCBITaxon_10090,UBERON,http://purl.obolibrary.org/obo/UBERON_0001950,UBERON_0001950,E14.5 neocortex ,chr8,43355000,44030000,675000,6124,9.074,D,BB293-FWD,/5Phos/CCGAGTCTAGCGTCTCCTCTG,SecX-BB294-REV,/SecX/AACAGAGCCAGCCTCTACCTG,repressed,chr8,42540000,43275000,735000,7664,10.428,C,BB287-FWD,/5Phos/CGCTCGGTCTCCGTTCGTCTC,SecX-BB288-REV,/SecX/GGGCTAGGTACAGGGTTCAGC,repressed
20180809_RI516_ncxNPC_22_21_SIR_2C_ALN_THR_28_C2.tif,20180809,RI516,ncxNPC,22,21,SIR,2C,ALN,THR,28,C2,Mus musculus,10090,http://purl.obolibrary.org/obo/NCBITaxon_10090,UBERON,http://purl.obolibrary.org/obo/UBERON_0001950,UBERON_0001950,E14.5 neocortex ,chr8,43355000,44030000,675000,6124,9.074,D,BB293-FWD,/5Phos/CCGAGTCTAGCGTCTCCTCTG,SecX-BB294-REV,/SecX/AACAGAGCCAGCCTCTACCTG,repressed,chr8,42540000,43275000,735000,7664,10.428,C,BB287-FWD,/5Phos/CGCTCGGTCTCCGTTCGTCTC,SecX-BB288-REV,/SecX/GGGCTAGGTACAGGGTTCAGC,repressed
20180809_RI516_ncxNPC_22_21_SIR_2C_ALN_THR_29_C1.tif,20180809,RI516,ncxNPC,22,21,SIR,2C,ALN,THR,29,C1,Mus musculus,10090,http://purl.obolibrary.org/obo/NCBITaxon_10090,UBERON,http://purl.obolibrary.org/obo/UBERON_0001950,UBERON_0001950,E14.5 neocortex ,chr8,43355000,44030000,675000,6124,9.074,D,BB293-FWD,/5Phos/CCGAGTCTAGCGTCTCCTCTG,SecX-BB294-REV,/SecX/AACAGAGCCAGCCTCTACCTG,repressed,chr8,42540000,43275000,735000,7664,10.428,C,BB287-FWD,/5Phos/CGCTCGGTCTCCGTTCGTCTC,SecX-BB288-REV,/SecX/GGGCTAGGTACAGGGTTCAGC,repressed
20180809_RI516_ncxNPC_22_21_SIR_2C_ALN_THR_29_C2.tif,20180809,RI516,ncxNPC,22,21,SIR,2C,ALN,THR,29,C2,Mus musculus,10090,http://purl.obolibrary.org/obo/NCBITaxon_10090,UBERON,http://purl.obolibrary.org/obo/UBERON_0001950,UBERON_0001950,E14.5 neocortex ,chr8,43355000,44030000,675000,6124,9.074,D,BB293-FWD,/5Phos/CCGAGTCTAGCGTCTCCTCTG,SecX-BB294-REV,/SecX/AACAGAGCCAGCCTCTACCTG,repressed,chr8,42540000,43275000,735000,7664,10.428,C,BB287-FWD,/5Phos/CGCTCGGTCTCCGTTCGTCTC,SecX-BB288-REV,/SecX/GGGCTAGGTACAGGGTTCAGC,repressed
20180809_RI516_ncxNPC_22_21_SIR_2C_ALN_THR_2_C1.tif,20180809,RI516,ncxNPC,22,21,SIR,2C,ALN,THR,2,C1,Mus musculus,10090,http://purl.obolibrary.org/obo/NCBITaxon_10090,UBERON,http://purl.obolibrary.org/obo/UBERON_0001950,UBERON_0001950,E14.5 neocortex ,chr8,43355000,44030000,675000,6124,9.074,D,BB293-FWD,/5Phos/CCGAGTCTAGCGTCTCCTCTG,SecX-BB294-REV,/SecX/AACAGAGCCAGCCTCTACCTG,repressed,chr8,42540000,43275000,735000,7664,10.428,C,BB287-FWD,/5Phos/CGCTCGGTCTCCGTTCGTCTC,SecX-BB288-REV,/SecX/GGGCTAGGTACAGGGTTCAGC,repressed
20180809_RI516_ncxNPC_22_21_SIR_2C_ALN_THR_2_C2.tif,20180809,RI516,ncxNPC,22,21,SIR,2C,ALN,THR,2,C2,Mus musculus,10090,http://purl.obolibrary.org/obo/NCBITaxon_10090,UBERON,http://purl.obolibrary.org/obo/UBERON_0001950,UBERON_0001950,E14.5 neocortex ,chr8,43355000,44030000,675000,6124,9.074,D,BB293-FWD,/5Phos/CCGAGTCTAGCGTCTCCTCTG,SecX-BB294-REV,/SecX/AACAGAGCCAGCCTCTACCTG,repressed,chr8,42540000,43275000,735000,7664,10.428,C,BB287-FWD,/5Phos/CGCTCGGTCTCCGTTCGTCTC,SecX-BB288-REV,/SecX/GGGCTAGGTACAGGGTTCAGC,repressed
20180809_RI516_ncxNPC_22_21_SIR_2C_ALN_THR_30_C1.tif,20180809,RI516,ncxNPC,22,21,SIR,2C,ALN,THR,30,C1,Mus musculus,10090,http://purl.obolibrary.org/obo/NCBITaxon_10090,UBERON,http://purl.obolibrary.org/obo/UBERON_0001950,UBERON_0001950,E14.5 neocortex ,chr8,43355000,44030000,675000,6124,9.074,D,BB293-FWD,/5Phos/CCGAGTCTAGCGTCTCCTCTG,SecX-BB294-REV,/SecX/AACAGAGCCAGCCTCTACCTG,repressed,chr8,42540000,43275000,735000,7664,10.428,C,BB287-FWD,/5Phos/CGCTCGGTCTCCGTTCGTCTC,SecX-BB288-REV,/SecX/GGGCTAGGTACAGGGTTCAGC,repressed
20180809_RI516_ncxNPC_22_21_SIR_2C_ALN_THR_30_C2.tif,20180809,RI516,ncxNPC,22,21,SIR,2C,ALN,THR,30,C2,Mus musculus,10090,http://purl.obolibrary.org/obo/NCBITaxon_10090,UBERON,http://purl.obolibrary.org/obo/UBERON_0001950,UBERON_0001950,E14.5 neocortex ,chr8,43355000,44030000,675000,6124,9.074,D,BB293-FWD,/5Phos/CCGAGTCTAGCGTCTCCTCTG,SecX-BB294-REV,/SecX/AACAGAGCCAGCCTCTACCTG,repressed,chr8,42540000,43275000,735000,7664,10.428,C,BB287-FWD,/5Phos/CGCTCGGTCTCCGTTCGTCTC,SecX-BB288-REV,/SecX/GGGCTAGGTACAGGGTTCAGC,repressed
20180809_RI516_ncxNPC_22_21_SIR_2C_ALN_THR_31_C1.tif,20180809,RI516,ncxNPC,22,21,SIR,2C,ALN,THR,31,C1,Mus musculus,10090,http://purl.obolibrary.org/obo/NCBITaxon_10090,UBERON,http://purl.obolibrary.org/obo/UBERON_0001950,UBERON_0001950,E14.5 neocortex ,chr8,43355000,44030000,675000,6124,9.074,D,BB293-FWD,/5Phos/CCGAGTCTAGCGTCTCCTCTG,SecX-BB294-REV,/SecX/AACAGAGCCAGCCTCTACCTG,repressed,chr8,42540000,43275000,735000,7664,10.428,C,BB287-FWD,/5Phos/CGCTCGGTCTCCGTTCGTCTC,SecX-BB288-REV,/SecX/GGGCTAGGTACAGGGTTCAGC,repressed
20180809_RI516_ncxNPC_22_21_SIR_2C_ALN_THR_31_C2.tif,20180809,RI516,ncxNPC,22,21,SIR,2C,ALN,THR,31,C2,Mus musculus,10090,http://purl.obolibrary.org/obo/NCBITaxon_10090,UBERON,http://purl.obolibrary.org/obo/UBERON_0001950,UBERON_0001950,E14.5 neocortex ,chr8,43355000,44030000,675000,6124,9.074,D,BB293-FWD,/5Phos/CCGAGTCTAGCGTCTCCTCTG,SecX-BB294-REV,/SecX/AACAGAGCCAGCCTCTACCTG,repressed,chr8,42540000,43275000,735000,7664,10.428,C,BB287-FWD,/5Phos/CGCTCGGTCTCCGTTCGTCTC,SecX-BB288-REV,/SecX/GGGCTAGGTACAGGGTTCAGC,repressed
20180809_RI516_ncxNPC_22_21_SIR_2C_ALN_THR_32_C1.tif,20180809,RI516,ncxNPC,22,21,SIR,2C,ALN,THR,32,C1,Mus musculus,10090,http://purl.obolibrary.org/obo/NCBITaxon_10090,UBERON,http://purl.obolibrary.org/obo/UBERON_0001950,UBERON_0001950,E14.5 neocortex ,chr8,43355000,44030000,675000,6124,9.074,D,BB293-FWD,/5Phos/CCGAGTCTAGCGTCTCCTCTG,SecX-BB294-REV,/SecX/AACAGAGCCAGCCTCTACCTG,repressed,chr8,42540000,43275000,735000,7664,10.428,C,BB287-FWD,/5Phos/CGCTCGGTCTCCGTTCGTCTC,SecX-BB288-REV,/SecX/GGGCTAGGTACAGGGTTCAGC,repressed
20180809_RI516_ncxNPC_22_21_SIR_2C_ALN_THR_32_C2.tif,20180809,RI516,ncxNPC,22,21,SIR,2C,ALN,THR,32,C2,Mus musculus,10090,http://purl.obolibrary.org/obo/NCBITaxon_10090,UBERON,http://purl.obolibrary.org/obo/UBERON_0001950,UBERON_0001950,E14.5 neocortex ,chr8,43355000,44030000,675000,6124,9.074,D,BB293-FWD,/5Phos/CCGAGTCTAGCGTCTCCTCTG,SecX-BB294-REV,/SecX/AACAGAGCCAGCCTCTACCTG,repressed,chr8,42540000,43275000,735000,7664,10.428,C,BB287-FWD,/5Phos/CGCTCGGTCTCCGTTCGTCTC,SecX-BB288-REV,/SecX/GGGCTAGGTACAGGGTTCAGC,repressed
20180809_RI516_ncxNPC_22_21_SIR_2C_ALN_THR_3_C1.tif,20180809,RI516,ncxNPC,22,21,SIR,2C,ALN,THR,3,C1,Mus musculus,10090,http://purl.obolibrary.org/obo/NCBITaxon_10090,UBERON,http://purl.obolibrary.org/obo/UBERON_0001950,UBERON_0001950,E14.5 neocortex ,chr8,43355000,44030000,675000,6124,9.074,D,BB293-FWD,/5Phos/CCGAGTCTAGCGTCTCCTCTG,SecX-BB294-REV,/SecX/AACAGAGCCAGCCTCTACCTG,repressed,chr8,42540000,43275000,735000,7664,10.428,C,BB287-FWD,/5Phos/CGCTCGGTCTCCGTTCGTCTC,SecX-BB288-REV,/SecX/GGGCTAGGTACAGGGTTCAGC,repressed
20180809_RI516_ncxNPC_22_21_SIR_2C_ALN_THR_3_C2.tif,20180809,RI516,ncxNPC,22,21,SIR,2C,ALN,THR,3,C2,Mus musculus,10090,http://purl.obolibrary.org/obo/NCBITaxon_10090,UBERON,http://purl.obolibrary.org/obo/UBERON_0001950,UBERON_0001950,E14.5 neocortex ,chr8,43355000,44030000,675000,6124,9.074,D,BB293-FWD,/5Phos/CCGAGTCTAGCGTCTCCTCTG,SecX-BB294-REV,/SecX/AACAGAGCCAGCCTCTACCTG,repressed,chr8,42540000,43275000,735000,7664,10.428,C,BB287-FWD,/5Phos/CGCTCGGTCTCCGTTCGTCTC,SecX-BB288-REV,/SecX/GGGCTAGGTACAGGGTTCAGC,repressed
20180809_RI516_ncxNPC_22_21_SIR_2C_ALN_THR_4_C1.tif,20180809,RI516,ncxNPC,22,21,SIR,2C,ALN,THR,4,C1,Mus musculus,10090,http://purl.obolibrary.org/obo/NCBITaxon_10090,UBERON,http://purl.obolibrary.org/obo/UBERON_0001950,UBERON_0001950,E14.5 neocortex ,chr8,43355000,44030000,675000,6124,9.074,D,BB293-FWD,/5Phos/CCGAGTCTAGCGTCTCCTCTG,SecX-BB294-REV,/SecX/AACAGAGCCAGCCTCTACCTG,repressed,chr8,42540000,43275000,735000,7664,10.428,C,BB287-FWD,/5Phos/CGCTCGGTCTCCGTTCGTCTC,SecX-BB288-REV,/SecX/GGGCTAGGTACAGGGTTCAGC,repressed
20180809_RI516_ncxNPC_22_21_SIR_2C_ALN_THR_4_C2.tif,20180809,RI516,ncxNPC,22,21,SIR,2C,ALN,THR,4,C2,Mus musculus,10090,http://purl.obolibrary.org/obo/NCBITaxon_10090,UBERON,http://purl.obolibrary.org/obo/UBERON_0001950,UBERON_0001950,E14.5 neocortex ,chr8,43355000,44030000,675000,6124,9.074,D,BB293-FWD,/5Phos/CCGAGTCTAGCGTCTCCTCTG,SecX-BB294-REV,/SecX/AACAGAGCCAGCCTCTACCTG,repressed,chr8,42540000,43275000,735000,7664,10.428,C,BB287-FWD,/5Phos/CGCTCGGTCTCCGTTCGTCTC,SecX-BB288-REV,/SecX/GGGCTAGGTACAGGGTTCAGC,repressed
20180809_RI516_ncxNPC_22_21_SIR_2C_ALN_THR_5_C1.tif,20180809,RI516,ncxNPC,22,21,SIR,2C,ALN,THR,5,C1,Mus musculus,10090,http://purl.obolibrary.org/obo/NCBITaxon_10090,UBERON,http://purl.obolibrary.org/obo/UBERON_0001950,UBERON_0001950,E14.5 neocortex ,chr8,43355000,44030000,675000,6124,9.074,D,BB293-FWD,/5Phos/CCGAGTCTAGCGTCTCCTCTG,SecX-BB294-REV,/SecX/AACAGAGCCAGCCTCTACCTG,repressed,chr8,42540000,43275000,735000,7664,10.428,C,BB287-FWD,/5Phos/CGCTCGGTCTCCGTTCGTCTC,SecX-BB288-REV,/SecX/GGGCTAGGTACAGGGTTCAGC,repressed
20180809_RI516_ncxNPC_22_21_SIR_2C_ALN_THR_5_C2.tif,20180809,RI516,ncxNPC,22,21,SIR,2C,ALN,THR,5,C2,Mus musculus,10090,http://purl.obolibrary.org/obo/NCBITaxon_10090,UBERON,http://purl.obolibrary.org/obo/UBERON_0001950,UBERON_0001950,E14.5 neocortex ,chr8,43355000,44030000,675000,6124,9.074,D,BB293-FWD,/5Phos/CCGAGTCTAGCGTCTCCTCTG,SecX-BB294-REV,/SecX/AACAGAGCCAGCCTCTACCTG,repressed,chr8,42540000,43275000,735000,7664,10.428,C,BB287-FWD,/5Phos/CGCTCGGTCTCCGTTCGTCTC,SecX-BB288-REV,/SecX/GGGCTAGGTACAGGGTTCAGC,repressed
20180809_RI516_ncxNPC_22_21_SIR_2C_ALN_THR_6_C1.tif,20180809,RI516,ncxNPC,22,21,SIR,2C,ALN,THR,6,C1,Mus musculus,10090,http://purl.obolibrary.org/obo/NCBITaxon_10090,UBERON,http://purl.obolibrary.org/obo/UBERON_0001950,UBERON_0001950,E14.5 neocortex ,chr8,43355000,44030000,675000,6124,9.074,D,BB293-FWD,/5Phos/CCGAGTCTAGCGTCTCCTCTG,SecX-BB294-REV,/SecX/AACAGAGCCAGCCTCTACCTG,repressed,chr8,42540000,43275000,735000,7664,10.428,C,BB287-FWD,/5Phos/CGCTCGGTCTCCGTTCGTCTC,SecX-BB288-REV,/SecX/GGGCTAGGTACAGGGTTCAGC,repressed
20180809_RI516_ncxNPC_22_21_SIR_2C_ALN_THR_6_C2.tif,20180809,RI516,ncxNPC,22,21,SIR,2C,ALN,THR,6,C2,Mus musculus,10090,http://purl.obolibrary.org/obo/NCBITaxon_10090,UBERON,http://purl.obolibrary.org/obo/UBERON_0001950,UBERON_0001950,E14.5 neocortex ,chr8,43355000,44030000,675000,6124,9.074,D,BB293-FWD,/5Phos/CCGAGTCTAGCGTCTCCTCTG,SecX-BB294-REV,/SecX/AACAGAGCCAGCCTCTACCTG,repressed,chr8,42540000,43275000,735000,7664,10.428,C,BB287-FWD,/5Phos/CGCTCGGTCTCCGTTCGTCTC,SecX-BB288-REV,/SecX/GGGCTAGGTACAGGGTTCAGC,repressed
20180809_RI516_ncxNPC_22_21_SIR_2C_ALN_THR_7_C1.tif,20180809,RI516,ncxNPC,22,21,SIR,2C,ALN,THR,7,C1,Mus musculus,10090,http://purl.obolibrary.org/obo/NCBITaxon_10090,UBERON,http://purl.obolibrary.org/obo/UBERON_0001950,UBERON_0001950,E14.5 neocortex ,chr8,43355000,44030000,675000,6124,9.074,D,BB293-FWD,/5Phos/CCGAGTCTAGCGTCTCCTCTG,SecX-BB294-REV,/SecX/AACAGAGCCAGCCTCTACCTG,repressed,chr8,42540000,43275000,735000,7664,10.428,C,BB287-FWD,/5Phos/CGCTCGGTCTCCGTTCGTCTC,SecX-BB288-REV,/SecX/GGGCTAGGTACAGGGTTCAGC,repressed
20180809_RI516_ncxNPC_22_21_SIR_2C_ALN_THR_7_C2.tif,20180809,RI516,ncxNPC,22,21,SIR,2C,ALN,THR,7,C2,Mus musculus,10090,http://purl.obolibrary.org/obo/NCBITaxon_10090,UBERON,http://purl.obolibrary.org/obo/UBERON_0001950,UBERON_0001950,E14.5 neocortex ,chr8,43355000,44030000,675000,6124,9.074,D,BB293-FWD,/5Phos/CCGAGTCTAGCGTCTCCTCTG,SecX-BB294-REV,/SecX/AACAGAGCCAGCCTCTACCTG,repressed,chr8,42540000,43275000,735000,7664,10.428,C,BB287-FWD,/5Phos/CGCTCGGTCTCCGTTCGTCTC,SecX-BB288-REV,/SecX/GGGCTAGGTACAGGGTTCAGC,repressed
20180809_RI516_ncxNPC_22_21_SIR_2C_ALN_THR_8_C1.tif,20180809,RI516,ncxNPC,22,21,SIR,2C,ALN,THR,8,C1,Mus musculus,10090,http://purl.obolibrary.org/obo/NCBITaxon_10090,UBERON,http://purl.obolibrary.org/obo/UBERON_0001950,UBERON_0001950,E14.5 neocortex ,chr8,43355000,44030000,675000,6124,9.074,D,BB293-FWD,/5Phos/CCGAGTCTAGCGTCTCCTCTG,SecX-BB294-REV,/SecX/AACAGAGCCAGCCTCTACCTG,repressed,chr8,42540000,43275000,735000,7664,10.428,C,BB287-FWD,/5Phos/CGCTCGGTCTCCGTTCGTCTC,SecX-BB288-REV,/SecX/GGGCTAGGTACAGGGTTCAGC,repressed
20180809_RI516_ncxNPC_22_21_SIR_2C_ALN_THR_8_C2.tif,20180809,RI516,ncxNPC,22,21,SIR,2C,ALN,THR,8,C2,Mus musculus,10090,http://purl.obolibrary.org/obo/NCBITaxon_10090,UBERON,http://purl.obolibrary.org/obo/UBERON_0001950,UBERON_0001950,E14.5 neocortex ,chr8,43355000,44030000,675000,6124,9.074,D,BB293-FWD,/5Phos/CCGAGTCTAGCGTCTCCTCTG,SecX-BB294-REV,/SecX/AACAGAGCCAGCCTCTACCTG,repressed,chr8,42540000,43275000,735000,7664,10.428,C,BB287-FWD,/5Phos/CGCTCGGTCTCCGTTCGTCTC,SecX-BB288-REV,/SecX/GGGCTAGGTACAGGGTTCAGC,repressed
20180809_RI516_ncxNPC_22_21_SIR_2C_ALN_THR_9_C1.tif,20180809,RI516,ncxNPC,22,21,SIR,2C,ALN,THR,9,C1,Mus musculus,10090,http://purl.obolibrary.org/obo/NCBITaxon_10090,UBERON,http://purl.obolibrary.org/obo/UBERON_0001950,UBERON_0001950,E14.5 neocortex ,chr8,43355000,44030000,675000,6124,9.074,D,BB293-FWD,/5Phos/CCGAGTCTAGCGTCTCCTCTG,SecX-BB294-REV,/SecX/AACAGAGCCAGCCTCTACCTG,repressed,chr8,42540000,43275000,735000,7664,10.428,C,BB287-FWD,/5Phos/CGCTCGGTCTCCGTTCGTCTC,SecX-BB288-REV,/SecX/GGGCTAGGTACAGGGTTCAGC,repressed
20180809_RI516_ncxNPC_22_21_SIR_2C_ALN_THR_9_C2.tif,20180809,RI516,ncxNPC,22,21,SIR,2C,ALN,THR,9,C2,Mus musculus,10090,http://purl.obolibrary.org/obo/NCBITaxon_10090,UBERON,http://purl.obolibrary.org/obo/UBERON_0001950,UBERON_0001950,E14.5 neocortex ,chr8,43355000,44030000,675000,6124,9.074,D,BB293-FWD,/5Phos/CCGAGTCTAGCGTCTCCTCTG,SecX-BB294-REV,/SecX/AACAGAGCCAGCCTCTACCTG,repressed,chr8,42540000,43275000,735000,7664,10.428,C,BB287-FWD,/5Phos/CGCTCGGTCTCCGTTCGTCTC,SecX-BB288-REV,/SecX/GGGCTAGGTACAGGGTTCAGC,repressed
